,name,event__place__name,event__place__id,lat,lon,event_count
0,"Пушкинской ул., д. 10",Петербургский архив и библиотека независимого искусства,834,59.92951500,30.35755900,1
1,"Московский пр., д. 150",Библиотека у Московских ворот,593,59.88508300,30.32054800,19
2,"Литейный пр., д. 52",Железный лев,679,59.93645300,30.34863000,7
3,"Лиговский пр., д. 53",Галерея АРТ-бюро,413,59.92913600,30.35933800,1
4,"Шаумяна, д. 22",КДЦ Красногвардейский,618,59.93164800,30.41729700,4
5,"Биржевая линия В. О., д. 12",Кулуар Реставрация нравов,131,59.94364300,30.29601500,18
6,"Большой пр. П. С., д. 18",Юношеская библиотека им. А.П. Гайдара,832,59.95539400,30.29482100,1
7,"Биржевой переулок, д. 2-4",The LOFT,792,59.94501700,30.29356300,1
8,"Пушкинская, д. 9","ОКЦ на Пушкинской, 9",20,59.92963700,30.35673200,19
9,"Мойка, д. 28",Все свободны,36,59.93880200,30.31997300,90
10,"Пионерская ул., д. 34",Свой круг,57,59.96111600,30.27986400,2
11,"Казанская ул., д. 7",Место встречи,80,59.93237800,30.32104200,2
12,"Профессора Качалова, д. 8",Творческое пространство Кипарис,630,59.91471000,30.39904300,1
13,"Литейный пр., д. 53",Музей Ахматовой,8,59.93633200,30.34770400,1200
14,"Достоевского, д. 19/21Б",Универсальный лекторий Александрийская библиотека,133,59.92355900,30.34659000,2
15,"Фучика, д. 15",Гуманитарный Университет профсоюзов,521,59.87934400,30.37746600,1
16,"Невский пр., д. 151",Ресторан Премьера,62,59.92549800,30.37931600,2
17,"Невский пр., 179/2",Новый выставочный зал музея городской скульптуры,373,59.92281000,30.38475100,1
18,"Александра Блока, д. 5",Балтийский стрелковый центр,355,59.92458200,30.27867800,5
19,"Итальянская ул., д. 17",Школа Masters,232,59.93613300,30.33429300,2
20,"Фонтанка, д. 34",Шереметевский дворец,561,59.93644900,30.34545900,2
21,"Каменноостровский пр., д. 55",Театр Особняк,401,59.97167200,30.30679500,3
22,"Гражданский пр., д. 41",Буквоед,19,60.01153600,30.39781200,2
23,Елагин остров,ЦПКиО,634,59.97927200,30.26248100,11
24,"Большая Пушкарская ул., д. 10",Легко-легко,592,59.95511500,30.29730000,2
25,"Большая Конюшенная ул., д. 27",Театр Эстрады,383,59.93699900,30.32236300,3
26,"Карповка, д. 28",Библиотека Лавренева,123,59.96982100,30.30804400,59
27,"3-я линия В. О., д. 20",Музей-квартира Л.Н. Бенуа,321,59.94281800,30.28518200,1
28,"Большой проспект П. С., д. 73",Библиотека им. Пушкина Петроградского района,4,59.96520500,30.31153800,43
29,"Разъезжая ул., д. 12",А2,684,59.92497500,30.34586300,3
30,"Фонтанка, д. 130",Африка,279,59.91793500,30.30422600,7
31,"Лиговский пр., 74",Зона действия,846,59.92202100,30.35552000,2
32,"Лиговский пр., д. 53",Амплитуда,1,59.92913600,30.35933800,18
33,"Константина Заслонова, д. 25",Бар Konzas Street,494,59.91798000,30.34452400,4
34,"Итальянская ул., д. 2",Городское кафе ЗиС,187,59.93721500,30.32802200,5
35,"Невский пр., д. 22-24",Русско-немецкий центр встреч,84,59.93594400,30.32409700,12
36,"Кузнечный пер., д. 5/2",Музей Достоевского,25,59.92730100,30.35093800,120
37,"Малоохтинский пр., д. 92",Молодежный клуб Современник,82,59.92327000,30.40534900,5
38,"Никольская пл., д. 2",Библиотека Старая Коломна,167,59.92311200,30.30233900,14
39,"Литейный пр., д. 42",Юсупов Palace,201,59.93830600,30.34883600,2
40,"Моховая ул., д. 37",PinUp,729,59.94026200,30.34483900,2
41,"Клинский пр., д. 17",Библиотека Бронницкая,112,59.91511600,30.32279400,22
42,"Невский пр., д. 22-24",Quo Vadis!?,417,59.93594400,30.32409700,11
43,"Некрасова, д. 40",Платформа,124,59.93888300,30.36139500,131
44,"8-я линия В. О., д. 79",Инк-клуб,423,59.94748700,30.27057500,2
45,"Циолковского, д. 13-15",Trashroom,822,59.90957600,30.28717600,1
46,"Лиговский пр., д. 53",Буржуазия,507,59.92913600,30.35933800,1
47,"Лиговский пр., д. 53",Музей нонконформистского искусства,182,59.92913600,30.35933800,28
48,"Черняховского ул., д. 55",Пена дней,320,59.92030700,30.35929300,1
49,"Садовая ул., 25","Кинжный магазин ""Мир Печати""",862,59.92988500,30.32469000,1
50,"Лёни Голикова, д. 31",Центральная районная библиотека Кировского района,461,59.84190700,30.22969300,1
51,"Маяковского ул., д. 27","ЦГДБ им. Пушкина, филиал № 1",153,59.94029400,30.35569000,1
52,"Сестрорецк, Токарева, д. 7",Библиотека Зощенко,224,60.08815300,29.95595800,11
53,"Тамбовская ул., д. 28",Котельная,288,59.91185000,30.35499900,2
54,метро Приморская,Мастерская Анастасии Нелюбиной,408,59.94845600,30.23463300,1
55,"Троицкая пл., д. 1",Троицкая библиотека,229,59.95292100,30.32784300,6
56,"Фонтанка, д. 34",street,53,59.93644900,30.34545900,1
57,"Графский переулок, д. 8",Школа № 216 им. Адама Мицкевича,457,59.93061100,30.34610500,1
58,"Казанская, д. 7",Квартал,386,59.93237800,30.32104200,6
59,"Фонтанка, д. 114",Молодежный театр на Фонтанке,342,59.91906700,30.31338000,4
60,"Лиговский пр., д. 53",Navicula Artis,382,59.92913600,30.35933800,22
61,"Ждановская, д. 29",Концептуальный клуб 84 Аврора,831,59.95824600,30.27997100,1
62,"Богатырский пр., д. 9",Библиотека Салтыкова-Щедрина,259,59.99942200,30.28032200,3
63,"Заневский пр., д. 32",Библиотека Современник,510,59.93181500,30.42451000,1
64,"Рубинштейна, д. 28",ZANZA,526,59.92883900,30.34429100,1
65,"Кронштадт, ул., Гидростроителей, д. 6",Библиотека семейного чтения,459,60.01150400,29.72001600,1
66,"Гатчина, ул. Чехова, д. 4",Музей П.Щербова,393,59.55739600,30.13356400,6
67,метро Владимирская,street,53,59.92742300,30.34829700,1
68,"Невский пр., д. 88",закрытый клуб,724,59.93246400,30.35180100,1
69,"Большой проспект П. С., д. 81",Музыка и кофе,334,59.96689000,30.31402700,3
70,"Жуковского, д. 12",Dead poets bar,852,59.93612400,30.35336400,2
71,"Марата, д. 11",Атриум Мариус Паба,737,59.92957400,30.35400200,1
72,"Казанская ул., д. 26",Стирка,83,59.93056100,30.31780800,39
73,"Думская ул., д. 1-3",Санкт-Петербургский союз литераторов,3,59.93419900,30.32897500,69
74,"Константина Заслонова, д. 22",Четверть пинты,352,59.91834100,30.34667100,1
75,"Жуковского, д. 22",4friends,770,59.93607900,30.35782800,1
76,"Якубовича, д. 10",Кошачья республика,185,59.93305400,30.30125300,1
77,"Грибоедова, д. 7",Дом 7,612,59.93906800,30.32736700,1
78,"Гривцова, д. 10",Русское географическое общество,717,59.93046200,30.31406200,2
79,"Марата, д. 86",Океанариум,674,59.91888600,30.33907200,5
80,"Конюшенная пл., д. 2",Театр ЦЕХъ,809,59.94070400,30.32599200,1
81,"Измайловский пр., д. 6",Креативный лофт АРТХАТА,798,59.91485400,30.30834000,1
82,"Стачек, д. 99",Буквоед,19,59.85878700,30.24834200,2
83,"Лиговский пр., д. 53",Галерея 2.04,708,59.92913600,30.35933800,3
84,"Звенигородская ул., д. 1",Line,547,59.92268800,30.33518200,2
85,"Старо-Петергофский пр., д. 9А, литера Ж",Рускомплект,531,59.91439400,30.27655800,1
86,"Невский пр., д. 28",Дом книги,17,59.93584000,30.32586600,275
87,"Рылеева, д. 17-19",Редакция журнала Невский альманах,712,59.94226800,30.35683100,1
88,"Каменноостровский пр., 13/2",Книжный клуб на Австрийской площади,395,59.95967400,30.31778200,2
89,Пушкин,ПОЭТому,76,59.72246300,30.41694700,14
90,"Биржевой переулок, д. 12",Сердце,184,59.94516100,30.29209900,1
91,"Средний пр. В. О., д. 49",Малая сцена Театра на Васильевском,817,59.94150600,30.27231800,1
92,"Пирогова, д. 18",Творческое пространство Пальма,162,59.92837900,30.30034500,2
93,"Печатника Григорьева, д. 2",Африка,279,59.91963100,30.35182800,1
94,"Моховая ул., д. 45",UTKA bar,451,59.93887000,30.34479400,1
95,"Обводный, д. 138",Rat hole,256,59.90864700,30.28007000,1
96,"Лиговский пр., д. 44",Театр Комедианты,202,59.92615600,30.35893300,2
97,"1-я линия В. О., д. 42",Свои книги,174,59.94472000,30.28634000,16
98,"Обводный, д. 199-201",Студия Popcorn,469,59.90956700,30.28422000,2
99,"Жуковского, д. 17",Шотшоп,785,59.93574600,30.35313000,1
100,"Рубинштейна, д. 28",HXGN,130,59.92883900,30.34429100,4
101,"Грибоедова, д. 26",Susanin,628,59.93304100,30.32605500,1
102,"Выборг, Пионерская, 4","Библиотека в Выборге на Пионерской, 4",305,60.71247600,28.73715100,1
103,"Фонтанка, д. 24",KGallery,219,59.93991500,30.34209000,5
104,"Грибоедова, д. 7",ПОЭТому,76,59.93906800,30.32736700,3
105,"Литейный пр., д. 17-19",Библиотека Лермонтова,56,59.94362900,30.34804600,240
106,"Большая Морская ул., д. 67",Санкт-Петербургский университет аэрокосмического приборостроения,340,59.92955600,30.29667100,1
107,"Малодетскосельский пр., д. 50/42",Библиотека Семеновская,154,59.91097400,30.31919200,18
108,"Мойка, д. 20",Дворы капеллы,392,59.94001900,30.32106900,3
109,"Правды, д. 12",Гастробар Go Gyros,762,59.92310300,30.34258400,1
110,"Гороховая ул., д. 33",Жук,93,59.92970500,30.31984800,183
111,"Лиговский пр., д. 10",Буквоед,19,59.93268500,30.36262500,749
112,"Лиговский пр., 74",Этажи,843,59.92202100,30.35552000,1
113,"Белинского ул., д. 13",Ресторан Пьер,615,59.93808100,30.34784800,1
114,"Ломоносова, д. 1",Ателье,139,59.93231500,30.32677400,5
115,"Садовая ул., д. 128",street,53,59.91688800,30.28319600,1
116,"Обводный, д. 60",Борхес,23,59.91540000,30.34207200,2
117,"Энгельса, д. 111",Библиотека Серафимовича,558,60.03598000,30.32444700,2
118,"Мойка, д. 32",Музей печати,137,59.93843200,30.32062000,22
119,"Никольская, д. 13",Петровский оздоровительный центр,845,60.04461700,30.30522300,2
120,"набережная Робеспьера, д. 30",Галерея–Cтудия VIEWZEN,528,59.94979400,30.35182800,2
121,"Фонтанка, д. 19",офис ПАРНАСа и Открытой России,818,59.93585800,30.34314100,1
122,"Графский переулок, д. 5",Слесарные мастерские Малого Драматического Театра,747,59.93036700,30.34580900,1
123,"Невский пр., д. 20",Библиотека вкусов,268,59.93630900,30.32122200,1
124,"Испытателей, д. 8",Клуб автопутешественников,598,60.00366900,30.28880200,1
125,"Литейный пр., д. 51",Театр на Литейном,228,59.93719700,30.34777600,20
126,"Выборг, ул., Титова, д. 1",Кочегарка,495,60.71117300,28.73684500,1
127,"Караванная ул., д. 12",Киноцентр «Родина»,860,59.93625100,30.34216200,2
128,"Мучной переулок, д. 1",Мука,788,59.93063300,30.32117700,3
129,"Гражданский пр., д. 121/100",Молодежная библиотека на Гражданке,234,60.03601100,30.42225600,2
130,"Лиговский пр., д. 50",Душ,535,59.92484400,30.35894200,4
131,"Гагаринская ул., д. 6/1",Европейский университет,31,59.94776200,30.34231500,3
132,Пушкин,street,53,59.72246300,30.41694700,2
133,"Большой проспект П. С., д. 81",Cook&Geek,800,59.96689000,30.31402700,2
134,Царское Село,street,53,59.72246300,30.41694700,3
135,"Обводный, д. 60",Креативное пространство Ткачи,581,59.91540000,30.34207200,6
136,"Мойка, д. 20",Академическая капелла,138,59.94001900,30.32106900,6
137,"Жуковского, д. 55",В месте,668,59.93566900,30.36120600,1
138,"Большая Конюшенная ул., д. 8",Институт Финляндии в Санкт-Петербурге,68,59.93795000,30.32366500,34
139,"Пушкин, Московское шоссе, д. 23",Музей П.П.Чистякова,432,59.71310200,30.42622600,3
140,"Декабристов, д. 57",Музей Блока,81,59.92375700,30.28296300,31
141,"набережная Невы у метро ""Елизаровская""",набережная Невы,366,59.89664400,30.42377400,1
142,"Тележная ул., д. 23",Студия Юрия Касьяника,255,59.92544800,30.37566000,4
143,"Перекупной переулок, д. 12/13",Art-cross,482,59.92901500,30.37802300,12
144,"Глинки, д. 5",Sorry mama bar,571,59.92695900,30.29562000,3
145,"Печатника Григорьева, д. 13",Африка,279,59.91867400,30.34860300,23
146,"Марата, д. 57",Третье место,589,59.92227300,30.34742600,1
147,"13-я линия В. О., д. 70-72",Арт-муза,310,59.94587800,30.26474500,4
148,"3-я линия В. О., д. 48",Чайный клуб Целый мир,539,59.94638300,30.28120200,1
149,"пр. Пятилеток, д. 1",Ледовый дворец,473,59.92153400,30.46789000,2
150,"Коломенская ул., д. 31",Арт-пространство Тайна,716,59.92279600,30.35269900,4
151,"Куйбышева, д. 38",Чердак,325,59.95799400,30.33381600,3
152,"Волынский переулок, д. 8",Капкан,221,59.93853100,30.32246200,3
153,"Никольский переулок, д. 8",Ресторан Никольский 8,671,59.92065000,30.30453100,1
154,"Петергоф, Эрлеровский б-р, д. 18",Библиотека Петергофа,50,59.87271500,29.90862600,22
155,"Циолковского, д. 7",Библиотека Екатерингофская,157,59.91154700,30.28586400,13
156,"Бухарестская ул., д. 30/32",Люксор,649,59.88361100,30.36956000,1
157,"Невский пр., д. 60",Кинотеатр Аврора,527,59.93406000,30.33917000,1
158,"Кузнечный переулок, д. 13",Чудетство,149,59.92694500,30.35393900,3
159,"Невский пр., д. 3",Галерея Невограф,431,59.93678700,30.31264300,1
160,"Спасский пер., д. 1",Господин литератор,488,59.92934400,30.31693700,5
161,"Литейный пр., д. 55",Union,78,59.93566900,30.34773100,9
162,"Радищева, д. 5",Вегетарианское кафе Ауровилль,784,59.93641700,30.36276000,1
163,"Суворовский пр., д. 43-45",Мастерская авторского Кофе Аддис,805,59.93947400,30.37743900,1
164,"Рубинштейна, д. 28",Галерея Вереск,760,59.92883900,30.34429100,1
165,"Замшина, д. 58, корп. 2",Театральный зал Монтессори-школы Михайловой,793,59.98079000,30.40157600,1
166,"Малая Морская ул., д. 24",Кинотеатр Англетер,169,59.93391500,30.30877100,2
167,"Аптекарская наб., д. 20А",Ресторан НАBEERЕЖНАЯ,523,59.97824600,30.31546400,1
168,"Союза Печатников, д. 8",Кофейня Щелкунчик,141,59.92381100,30.29332900,21
169,"Лиговский пр., д. 50",Дюны,65,59.92484400,30.35894200,2
170,"Мойка, д. 20",РОФ Петербургское наследие и перспектива,136,59.94001900,30.32106900,1
171,"Щербаков переулок, д. 17",Doodlebar,508,59.92797800,30.34449700,3
172,"Москательный переулок, д. 4",СПбГЭУ,371,59.93060200,30.32300100,2
173,"Канонерский остров, д. 32",Театр поэтов Послушайте!,148,59.90289400,30.21707100,22
174,"Кузнечный переулок, д. 5/2",street,53,59.92730100,30.35093800,1
175,"Невский пр., д. 100",КЗ Колизей,309,59.93200800,30.35561900,1
176,"Пушкин, ул. Московская, д. 32/17",Кинотеатр Авангард,147,59.71806700,30.41204200,2
177,"Дмитрия Устинова, д. 3",Библиотека Рыбацкая,79,59.83918100,30.49963600,6
178,"Средний пр. В. О., д. 93",Кинотеатр Прибой,743,59.93387000,30.24592500,1
179,"Коломенская ул., д. 9",Нико,58,59.92535300,30.35437900,85
180,"Загородный пр., д. 32",Чеширский кот,430,59.92443800,30.33867600,3
181,Павловск,street,53,59.68641100,30.43159800,1
182,"Садовая ул., д. 8",Паб Кино,711,59.93700800,30.33659200,1
183,"Казанская ул., д. 7",Сочи,720,59.93237800,30.32104200,3
184,"Лиговский пр., д. 50",ANDY BAR,206,59.92484400,30.35894200,4
185,"Якорная ул., д. 5А",ОхтаLab,9,59.94013200,30.41806000,44
186,"Казанская ул., д. 25А",Санкт-Петербургский филиал Московского Дома национальностей,573,59.93053900,30.31652400,1
187,"ул. Александра Матросова, д. 1",Мастерская Горынина,641,59.98034800,30.34041900,1
188,"Чайковского, д. 17",Отель Indigo,72,59.94632400,30.34754300,2
189,"Богатырский пр., д. 4",Театр За Черной речкой,559,59.99935400,30.29108400,2
190,"Средний пр. В. О., д. 93",Центр современного искусства им. С.Курёхина,842,59.93387000,30.24592500,1
191,"Большая Конюшенная ул., д. 29",Союз писателей России,212,59.93656200,30.32206600,7
192,"29-я линия В. О., д. 2",Эрарта,5,59.93189600,30.25162100,126
193,"Большой проспект В. О., д. 103",Ленэкспо,663,59.92837400,30.23606200,35
194,"2-я Советская ул., д. 27/2",Библиотека Некрасова,44,59.93021900,30.37224600,62
195,"6-я Советская ул., д. 25",Книги и кофе,11,59.93431200,30.37344100,2
196,"Рубинштейна, д. 23",Фонд Иофе,790,59.92799100,30.34305100,2
197,"Лиговский пр., д. 33-35",8pages,613,59.93274800,30.36147600,2
198,"Воскова ул., д. 2",Библиотека Ленина,108,59.95753000,30.30295000,1
199,"Народная ул., д. 1",Театр Мастерская,226,59.87780000,30.45936500,1
200,"Садовая ул., д. 75",Дом молодежи Рекорд,450,59.92002700,30.29531500,7
201,"Конюшенная пл., д. 2",Музей советских игровых автоматов,768,59.94070400,30.32599200,3
202,"Марата, д. 86",Школа живописи для чайникофф,582,59.91888600,30.33907200,1
203,"Думская ул., д. 4",Sketchbar,771,59.93311300,30.32832800,1
204,"Расстанная ул., д. 2, к.1",Crazy Hunter,584,59.90918300,30.33976300,1
205,"Савушкина, д. 7",Буквоед,19,59.98647500,30.29764100,1
206,"Невский пр., д. 24","Арт-салон на Невском, 24",2,59.93594400,30.32409700,73
207,"Лиговский пр., д. 53",Арт-Центр Пушкинская-10,838,59.92913600,30.35933800,1
208,"Пионерская ул., д. 32",Scorpion-club,567,59.96038100,30.28262100,1
209,"Новгородская ул., д. 27",Библиотека Герцена,156,59.94226400,30.39229700,40
210,"Фурштатская ул., д. 20",Сити-бар,554,59.94549000,30.35421700,9
211,"Заневский пр., д. 67",Буквоед,19,59.93302300,30.43763500,1
212,"Правды, д. 16",Митьки-Вхутемас,456,59.92230000,30.34113800,1
213,"Лиговский пр., д. 64-66",Нико,58,59.92281500,30.35611300,20
214,"Конная ул., д. 10",Арт-мастерская Колесо,578,59.92891600,30.37528300,3
215,"Полтавская ул., д. 3",Che,734,59.92810800,30.37035100,2
216,"Маршала Говорова, д. 47",the place,116,59.89949600,30.28982600,24
217,"Каменноостровский пр., д. 26/28",Театр Под самой крышей,497,59.96284500,30.31390100,1
218,"Ленина, д. 29",Хостел На улице Ленина,12,59.96349400,30.30154000,2
219,"Каменноостровский пр., 10",Ленфильм,841,59.95827300,30.31698200,1
220,"Литейный пр., д. 58",Борей-Арт,152,59.93403300,30.34846800,146
221,"Казанская ул., д. 5",Музей богемной жизни,829,59.93342900,30.32186900,1
222,"1-я линия В. О., д. 26",Высшая школа журналистики и массовых коммуникаций,617,59.94271000,30.28868500,1
223,"Невский пр., д. 35",Среда,240,59.93417200,30.33263100,1
224,"наб. р. Монастырки, д. 1",Святодуховский центр Александро-Невской Лавры,455,59.92110100,30.38852400,5
225,"Невский пр., д. 32-34",Костел св. Екатерины,188,59.93551100,30.32903700,1
226,Банковский мостик,street,53,59.93062400,30.32414200,1
227,"Гороховая ул., д. 49",Стереобар,438,59.92726100,30.32345900,1
228,"Исаакиевская пл., д. 5",Центр Петербургская иудаика,468,59.93349200,30.30447700,1
229,"Кузнечный переулок, д. 14",Кипяток,549,59.92728800,30.35422600,48
230,"Рубинштейна, д. 1",Тime-кафе Commode,794,59.93244100,30.34568300,1
231,Березовая Аллея ГМЗ Павловск,street,53,60.02038600,30.29274500,1
232,Дворцовая площадь,street,53,59.93892400,30.31531100,1
233,"Средний пр. В.О., 93",Центр современного искусства им. С.Курёхина,842,59.93387000,30.24592500,1
234,"Короленко, д. 4",Имажинариум,713,59.93993800,30.34987800,2
235,"Биржевая линия В. О., д. 12",Театр Ток,283,59.94364300,30.29601500,1
236,Пушкинская улица у памятника Пушкину,street,53,59.92924500,30.35700200,1
237,"Восстания, д. 24",Галерея ФотоДепартамет,705,59.93839600,30.36011000,1
238,"Карповка, д. 5/2",Орландина,511,59.96982100,30.30804400,3
239,"Большая Конюшенная ул., д. 2",Галерея дизайна Bulthaup,361,59.93955500,30.32444700,2
240,"Шоссе Революции, д. 84",Музей уличного искусства,718,59.96124600,30.45278900,2
241,"Херсонская ул., д. 43/12",Синий Пушкин,324,59.92684100,30.38459800,2
242,"Большая Морская ул., д. 39",Гостиница Англетер,475,59.93290100,30.30923900,2
243,"Литейный пр., д. 42",Центральный лекторий,378,59.93830600,30.34883600,15
244,"Некрасовский сквер, у памятника Некрасову",street,53,59.93738700,30.36751200,1
245,"Литейный пр., д. 19",street,53,59.94362900,30.34804600,1
246,"Маяковского, д. 27",Филиал № 1 Городской Детской Библиотеки имени Пушкина,854,59.94029400,30.35569000,1
247,"Пл. Стачек, д. 4",ДК Горького,443,59.90052000,30.27607300,2
248,"Вознесенский пр., д. 26",Все твои друзья,801,59.92765800,30.30842100,1
249,"Садовая ул., д. 2",Книжные аллеи у Михайловского замка,678,59.94023500,30.33705900,10
250,"Невский пр., д. 104",Интерьерный театр,54,59.93188200,30.35658900,27
251,"Ломоносов, ул. Победы, д. 1",Библиотека семейного чтения,459,59.90921500,29.77465100,2
252,"Каменноостровский пр., д. 67",Балтийский медиа-центр,474,59.97410400,30.30479200,4
253,"Университетская наб., д. 5",Санкт-Петербургский научный центр РАН,441,59.94086200,30.30293200,2
254,"Пер. Антоненко, д. 5",Check Point Cafe,667,59.92971800,30.31155600,1
255,"Индустриальный пр., д. 35, к. 1",Библиотека Ржевская,349,59.95423200,30.46986600,5
256,"Бронницкая улица, д. 23",Космонавт,537,59.91325300,30.32345900,1
257,"Казанская ул., д. 33",Check Point Cafe,667,59.92922700,30.31171800,1
258,"Большая Морская ул., д. 45",Дом композиторов,208,59.93199500,30.30543000,12
259,"Владимирский пр., д. 12",Малая сцена театра им. Ленсовета,652,59.93002500,30.34829700,1
260,"Фонтанка, д. 129",Свобода,621,59.91958100,30.30639100,1
261,"Мойка, д. 47",Молодёжный центр Эрмитажа,687,59.93739100,30.31918300,1
262,"Кожевенная линия В. О., д. 10",Крыша Roof Place,290,59.92599800,30.26624500,1
263,"Невский пр., д. 90-92Б",Police station,29,59.93236000,30.35306700,2
264,"наб. лейтенанта Шмидта, д. 39",Радиостанция Град Петров,814,59.93187300,30.27263200,1
265,"Харьковская ул., д. 8",Арт-мастерская Колесо,578,59.92617900,30.37070100,5
266,"Грибоедова, д. 49",Summerbar,63,59.93046200,30.31824000,77
267,"Бакунина, д. 6",Жопа,252,59.93015100,30.37479800,5
268,"Марата, д. 10",Жан-Жак,689,59.92991200,30.35499000,3
269,"Гороховая ул., д. 8",Старая Вена,35,59.93566000,30.31170000,302
270,"Лиговский пр., д. 74",Invader,293,59.92202100,30.35552000,4
271,"Разъезжая ул., д. 26/28",Бар мистера Кокошки,542,59.92390600,30.34919600,29
272,"Некрасова, д. 10",Большой театр кукол,513,59.93915800,30.35227700,7
273,"Казанская ул., д. 5",Арт-отель Рахманинов,710,59.93342900,30.32186900,2
274,"Думская ул., д. 1/3",Союз концертных деятелей,103,59.93419900,30.32897500,2
275,"Выборг, Рубежная, д. 18",Библиотека в Выборге на Рубежной,764,60.69804900,28.77135000,1
276,"наб. адмирала Макарова, д. 4",ИРЛИ,177,59.94481000,30.30139600,25
277,"Потемкинская ул., д. 2",Дом дружбы народов Ленинградской Области,176,59.94759500,30.36887800,2
278,Павловский парк,street,53,59.69368200,30.46673100,1
279,Угол Маяковского и Некрасова,street,53,59.93883300,30.35524100,9
280,"Невский пр., д. 120",Кофейня Аддис,827,59.93089500,30.36366700,1
281,"пл. Труда, д. 4",Николаевский дворец,410,59.93323500,30.29577300,3
282,"Большая Морская ул., д. 35",Росфото,120,59.93330700,30.31043300,7
283,"Мойка, д. 40",Квартира. Разговоры,262,59.93720200,30.32039600,2
284,"Мойка, д. 93",Галерея С.П.А.С.,422,59.93132800,30.30599600,1
285,"Садовая ул., д. 2",Михайловский замок,587,59.94023500,30.33705900,1
286,"Большая Монетная ул., д. 19",Администрация Петроградского района,217,59.96156100,30.31840100,2
287,"Артиллерийский переулок, д. 1",ARTIZMERENIE,261,59.94127200,30.34889000,1
288,"Фонтанка, д. 20",Timber,276,59.94062300,30.34119200,2
289,"Мориса Тореза, д. 32",Центральная областная детская библиотека,391,60.00441500,30.35611300,1
290,"Белоостровская ул., д. 23",Ресторан Mon Ami,412,59.98738000,30.31711700,1
291,"Лиговский пр., д. 53",Арт-Полигон,388,59.92913600,30.35933800,2
292,"Стрельная, территория Больничная горка, д. 2",Путевой дворец Петра Первого в Стрельне,738,59.85373100,30.04492700,1
293,"Елагин Остров, д. 4",Елагин дворец,608,59.97932200,30.27001800,1
294,"Спасский переулок, д. 11",DALI,624,59.92811300,30.31884200,1
295,"Зеленогорск, Гостиная ул., д. 1",Галерея Велес-студио,696,60.20123500,29.70443900,1
296,"Галерная ул., д. 45",Особняк Румянцева,272,59.93220700,30.28993400,1
297,"Фонтанка, д. 119",Галерея Ветер странствий,117,59.92084400,30.31189800,1
298,"Каменноостровский пр., д. 38",Арт-пространство KOKON Space,752,59.96590300,30.31118800,1
299,"Царское Село, ул. Средняя, 1/3",Музей,840,59.71802600,30.39998600,1
300,"5-я Советская ул., д. 12",Консульство Республики Польша в Санкт-Петербурге,189,59.93524500,30.36861700,12
301,"Лиговский пр., д. 113",Black stage,824,59.91908500,30.35261800,1
302,"Фонтанка, д. 118",Музей Державина,39,59.91903100,30.30991200,77
303,"Большая Морская ул., д. 52",Дом архитектора,220,59.93142700,30.30461200,3
304,"Заставская ул., д. 33",Триэль,686,59.89065800,30.31832100,1
305,"Обводный, д. 138",Байконур,247,59.90864700,30.28007000,2
306,"Грибоедова, д. 26",Старый Стокер,804,59.93304100,30.32605500,1
307,"Грибоедова, д. 103",КнигАрхив,536,59.92644500,30.30002200,6
308,"Михайловская ул., д. 2",Большой зал филармонии,241,59.93606100,30.33148100,5
309,"Выборг, пр. Суворова, д. 4",Библиотека Алвара Аалто в Выборге,367,60.70893700,28.74741000,4
310,"Пролетарская ул., д. 36",Буквоед в Колпино,245,59.82848700,30.09885300,1
311,"Лиговский пр., д. 50",V-CLUB,568,59.92484400,30.35894200,1
312,"Митрофаньевское шоссе, д. 2",Сеновал,520,59.90742800,30.30089300,2
313,"Почтамтский переулок, д. 4",Музей связи,676,59.93253100,30.30188100,2
314,"Красносельская ул., д. 16",Рюмочная На ход ноги,328,59.95806100,30.29461400,4
315,"17-я линия В. О., д. 52",Бизнес-Центр Традиция,786,59.94341300,30.26028000,1
316,"Фонтанка, 21",Дом Дружбы,722,59.93486700,30.34299700,2
317,"Фонтанка, д. 109",ГОСТИ,837,59.92289600,30.31916500,1
318,"Невский пр., д. 100",Колизей,859,59.93200800,30.35561900,1
319,"Лиговский пр., д. 50",ПОЭТому,76,59.92484400,30.35894200,7
320,"Варшавская ул., д. 37, к. 1",ЦБС Московского района,326,59.85981800,30.31353200,1
321,"Толстого, д. 9",Чеширский кот,430,59.96512400,30.31567000,1
322,"Мойка, д. 100",Петербургский художник,702,59.92767600,30.29462300,1
323,"7-я линия В. О., д. 28",Кофейня Идеальная чашка,486,59.94023500,30.28140000,1
324,"Карповка, д. 20",Симбиоz,680,59.96982100,30.30804400,2
325,"Морская наб., д. 17",Библиотека на Морской,622,59.94433700,30.20701900,1
326,"Литейный пр., д. 14",Gypsy bar,322,59.94495000,30.34914200,3
327,"Благодатная ул., д. 20",Библиотека правовой и экономической информации,173,59.87624600,30.31603000,5
328,"Невский пр., д. 39",Аничков Дворец,194,59.93304500,30.33982600,5
329,"Ст. Петергоф, угол Морского пр и Ораниенбаумского шоссе",Голова,796,59.88609400,29.89870800,1
330,"Большой проспект П. С., д. 56",Inside,496,59.96077300,30.30350700,1
331,"Кронштадт, Советская ул., д. 49",Центральная районная библиотека Кронштадта,207,59.99580900,29.76752700,1
332,"Большая Морская ул., д. 14",Сашина пекарня,267,59.93595800,30.31767400,1
333,"Фонтанка, д. 20",Книжный магазин Марки и закладки,155,59.94062300,30.34119200,1
334,"Владимирский пр., д. 14",Этобар,266,59.92975400,30.34824300,1
335,"Ораниенбаумский пр., д. 39в",Городской ДК г. Ломоносова,661,59.89686500,29.77376200,1
336,"Казанская ул., д. 5",Галерея Рахманинов Дворик,698,59.93342900,30.32186900,1
337,"Рубинштейна, д. 26",Проект при магазине Академический проект,428,59.92935700,30.34460500,1
338,Причал на Фонтанке 53,Причал на Фонтанке 53,635,59.92145700,30.31590400,1
339,"Москательный переулок, д. 3",Ионотека,6,59.93086300,30.32193200,4
340,"Гороховая ул., д. 57",Музей Ротонда,233,59.92571900,30.32582100,2
341,"Лиговский пр., д. 50",Пространство COM.NATA,807,59.92484400,30.35894200,1
342,"Фонтанка, д. 20",Треска,853,59.94062300,30.34119200,1
343,"Миллионая, д. 4/1",Галерея Двойка,119,59.94393100,30.32535400,7
344,Причал на Университетской набережной у д. 3,Причал на Университетской набережной у д. 3,588,59.94969000,30.27827400,1
345,"2-я Советская ул., д. 8",Кухня,493,59.93202200,30.36831200,1
346,"Итальянская ул., д. 14/16",Выставочный зал ПРОТВОР,484,59.93556100,30.34203600,1
347,"Большая Разночинная ул., д. 11",Арт-галерея Город Искусств,100,59.95945300,30.29121800,1
348,"наб. р. Смоленки, д. 2",Санкт-Петербургский художественный музей,856,59.94954200,30.27514700,1
349,"Невский пр., д. 109",Harst's Pub,672,59.92902400,30.36963200,1
350,"Итальянская ул., д. 13",Театр музкомедии,753,59.93629600,30.33310700,1
351,"Средний пр. В. О., д. 36/40",Антикафе О'Лень,277,59.94210100,30.27592000,7
352,Петергоф,Петергофский студгородок СПбГУ,463,59.88402700,29.90857200,1
353,"Кузнечный переулок, д. 19",Творческое пространство О+,199,59.92652600,30.35726200,3
354,"Лиговский пр., д. 25",Фотографика,803,59.93446100,30.36265200,2
355,"Разъезжая ул., д. 43",club 2012,501,59.92137600,30.35285200,1
356,"Невский пр., д. 13",Буквоед,19,59.93630000,30.31675700,1
357,"Октябрьская наб., д. 64/1",Библиотека Крупской,175,59.88079400,30.45418200,1
358,"7-ая Красноармейская ул., д. 30",Библиотека Измайловская,26,59.91144400,30.30881600,26
359,"Полтавская ул., д. 7",Red Club,478,59.92681400,30.36858100,1
360,"Средний пр. В. О., д. 48",Театр на Васильевском,600,59.94090200,30.27174300,1
361,"Садовая ул., д. 28-30, корп. 13",Money-Honey,118,59.93016900,30.32762700,7
362,"Рубинштейна, д. 13",Театр Зазеркалье,745,59.92940700,30.34394900,1
363,"Беринга, д. 38",Памятник первопроходцам и покорителям Арктики,331,59.94627000,30.23343900,1
364,"Владимирский пр., д. 23",Буквоед,19,59.92815400,30.34686000,33
365,"Московский пр., д. 165","Российская национальная библиотека, новое здание",230,59.86649900,30.32000000,6
366,"18-я линия В. О., д. 1",Музей-институт семьи Рерихов,673,59.93168800,30.27198500,1
367,Летний сад,Летний сад,323,59.94490500,30.33555000,6
368,"9-я линия В. О., д. 46",Книжный магазин Любимая история,619,59.94346700,30.27429400,1
369,"Курляндская, д. 49",Лофт Rizzordi,632,59.91162000,30.26786200,1
370,"Казанская ул., д. 3а",Высшая школа перевода,60,59.93381600,30.32241700,1
371,"Невский пр., д. 86",Дом актера,97,59.93264400,30.35049800,38
372,"Восстания, д. 22",Проходимец,659,59.93807600,30.36006500,1
373,"Гагаринская, д. 20",Книги и кофе,11,59.94467000,30.34321300,1
374,"Гатчинская ул., д. 26/28",Печатный двор,761,59.96308400,30.29635700,1
375,"Коломенская ул., д. 1/15",Музей Гумилева,69,59.92653000,30.35508900,49
376,"Биржевой переулок, д. 4",Арт-мансарда 4'33,806,59.94450800,30.29350000,3
377,"17-я линия В. О., д. 52",horosho,780,59.94341300,30.26028000,4
378,"Ковенский переулок, д. 14",Out Cinema,166,59.93748100,30.35900500,2
379,"Рубинштейна, д. 3",ЕОЦ,861,59.93200800,30.34539600,1
380,Верхний сад Большого Петергофского дворца,street,53,59.93909500,30.31586800,1
381,"Обуховской обороны, д. 151",Гaлepeя coвpeмeннoгo иcкyccтвa фapфopa,94,59.87980900,30.44667200,1
382,"3-я Советская ул., д. 21",Легкость бытия,599,59.93031300,30.37489600,1
383,"Проф. Попова, д. 10",Музей петербургского авангарда,86,59.97087500,30.31236500,57
384,"Звенигородская ул., д. 22",Дом писателя,28,59.91864300,30.34141600,509
385,"4-я линия В. О., д. 19",Музей повседневной культуры Ленинграда 1945-1965 гг.,158,59.94241700,30.28322300,1
386,"Большая Пушкарская ул., д. 19",Inside,496,59.95867900,30.30476500,1
387,"Пушкин, ул. Магазейная, д. 42",Дом молодежи Царскосельский,439,59.72257200,30.40973300,23
388,"наб. адмирала Макарова, д. 10",Книги и кофе,11,59.94547200,30.29376100,71
389,"Глухая Зеленина ул., д. 2",LADЫ,273,59.96362000,30.28164200,2
390,"пл. Островского, д.6",Александринский театр,437,59.93177000,30.33626900,1
391,"Сад им. 30-летия Октября, пр. Обуховской обороны",Сухой фонтан,812,59.88513300,30.44336600,3
392,"Литейный пр., д. 36",Издательство Петербургский писатель,503,59.93942400,30.34876400,1
393,"Ломоносов, Дворцовый пр., д. 12",Ломоносовский дом культуры,755,59.91470500,29.77471400,1
394,"Московский пр., д. 150",Библиотека роста и карьеры,343,59.88508300,30.32054800,7
395,"Гражданская ул., д. 13-15",Бертгольд-Центр,102,59.92814500,30.31239200,2
396,"Большая Конюшенная ул., д. 1",Галерея Art of Foto,769,59.94102900,30.32415100,2
397,Балканская площадь,Балканская площадь,518,59.82991600,30.38022300,1
398,"Лиговский пр., д. 53",lampa studio,51,59.92913600,30.35933800,2
399,"Петергоф, Александрийская ул., д. 8",Музей семьи Бенуа,626,59.88402700,29.90857200,1
400,"Марата, д. 56-58",Петрович,565,59.92242200,30.34964500,1
401,"Невский пр., д. 56",Театр комедии им. Акимова,629,59.93419900,30.33807400,3
402,"Проф. Попова, д. 23",Музей истории фотографии,701,59.97123100,30.31367600,3
403,"Павловск, ул., Конюшенная ул., ул., д. 7",Павловский центр культуры,99,59.68568000,30.44217100,12
404,"Литейный пр., д. 52",The Point,180,59.93645300,30.34863000,7
405,"Пушкинская, д. 10",ProArte,429,59.92951500,30.35755900,3
406,Памятник Маяковскому,street,53,59.93909500,30.31586800,20
407,"Лиговский пр., д. 53",Fish fabrique nouvelle,46,59.92913600,30.35933800,76
408,"Чайковского, д. 58",Колбабар,200,59.94660800,30.36565300,1
409,"9-я линия В. О., д. 2",Винный бар Пино,754,59.93614200,30.28283700,3
410,"Мойка, д. 23",Причал,90,59.94208800,30.32172500,1
411,"Владимирский пр., д. 8",Ionoff,364,59.93083200,30.34831500,2
412,"Рубинштейна, д. 23",Мемориал,491,59.92799100,30.34305100,9
413,"Невский пр., д. 8",Лавка художника,394,59.93698500,30.31488000,9
414,"Марсово поле, д. 3",Росбалт,150,59.94298000,30.32902800,7
415,"Университетская наб., д. 11",Смольный институт свободных искусств и наук,27,59.94074000,30.30024600,1
416,"6-я линия В. О., д. 17",Библиотека им. Толстого,7,59.94109200,30.28140900,133
417,"Добролюбова, д. 11",Свой круг,57,59.94987500,30.30134200,4
418,"пл. Чернышевского, д. 6",Выставочный зал Московского района,66,59.86847800,30.31739500,147
419,"Обуховской обороны, д. 105",ДК Крупской,278,59.89522200,30.43406800,17
420,"Невский пр., д. 78",Галерея V-concept,653,59.93287900,30.34859400,1
421,"Обуховской обороны, д. 223",КЦ Троицкий,697,59.86401500,30.46604800,1
422,"Миргородская, д. 15",Культурный центр Фёдоровского собора,808,59.92155600,30.37756400,1
423,"Казанская ул., д. 7",Лес Вилла,211,59.93237800,30.32104200,1
424,"Таврическая, д. 5",квартирник,356,59.94147500,30.37876800,1
425,"Лиговский пр., д. 53","Галерея ""Фотоimage""",836,59.92913600,30.35933800,1
426,"Исаакиевская пл., д. 1",Манеж,338,59.93424000,30.30329200,25
427,"Литейный пр., д. 55",Центр книги и графики,452,59.93566900,30.34773100,12
428,Комиссара Смирнова 15 А,ДК Выборгский,181,59.96303000,30.34832400,1
429,"Московский пр., д. 5",ДПЦ Спасский,779,59.92514600,30.31715300,1
430,"Профессора Попова, д. 10",Музей петербургского авангарда,86,59.97087500,30.31236500,1
431,"Банковский пер., д. 3",Пресс-клуб Зеленая лампа,140,59.93054300,30.32395300,14
432,"Большая Пушкарская ул., д. 50",Maklalu,329,59.96253400,30.30854700,2
433,Малая Конюшенная улица,street,53,59.93720200,30.32559700,30
434,"Большая Морская ул., д. 38",Санкт-Петербургский союз художников,285,59.93307200,30.31132300,6
435,"Смолячкова, д. 13",Выборгская Сторона,666,59.97071800,30.34331200,1
436,"Грибоедова, д. 7",MOD,16,59.93906800,30.32736700,42
437,"12-я линия В. О., д. 13",Институт психологии и социальной работы,466,59.93848200,30.27426700,1
438,"Большая Конюшенная ул., д. 19/8",Чайная Хижина,317,59.93863500,30.32311800,1
439,"Рубинштейна, д. 28",Мотив,339,59.92883900,30.34429100,1
440,"10-я линия В. О., д. 3/30",Центр молодежных исследований НИУ ВШЭ,541,59.93661100,30.27989100,3
441,"Павловск, Павловский парк, Тярлевская просека",street,53,59.70197300,30.45331900,1
442,"Средний пр. В. О., д. 77",Трамвайное Депо на Васильевском Острове,481,59.93877900,30.26014600,1
443,"Гороховая ул., д. 49",ПОЭТому,76,59.92726100,30.32345900,30
444,"Моховая ул., д. 20",Редакция журнала Звезда,91,59.94354800,30.34569200,70
445,"Петергоф, привокзальная площадь",street,53,59.86516700,29.92507400,1
446,"Мойка, д. 58",Гете-институт в Санкт-Петербурге,209,59.93236500,30.31418800,14
447,"Саперный переулок, д. 10",Польский Дом,197,59.94114100,30.35820600,1
448,"Кадетская линия В. О., д. 25",Свои книги,174,59.94515700,30.28674500,10
449,"Большая Разночинная ул., д. 24",ДК Розы,183,59.96052500,30.28654700,14
450,"Павловск, ул., д. 1-го Мая, д. 6",Библиотека Павловска,603,59.68641100,30.43159800,1
451,"Малый пр. В. О., д. 49",Театр на Васильевском,600,59.94362000,30.26194200,1
452,"Александровский парк, д. 4",Планетарий,385,59.95511100,30.31165500,2
453,"Политехническая ул., д. 29",Белый зал Политеха,757,60.00746100,30.37310000,1
454,"Загородный пр., д. 35",Буквоед,19,59.92318000,30.33449900,1
455,"Фонтанка, д. 108",f-108,742,59.92141600,30.31892200,1
456,"Марата, д. 30",Groove,826,59.92638100,30.35287900,1
457,"Думская ул., д. 9",Fidel,142,59.93277500,30.32732200,1
458,"Невский пр., д. 86",Союз театральных деятелей,289,59.93264400,30.35049800,1
459,Пл. Победы,Памятный зал Монумента героическим защитникам Ленинграда,218,59.84309100,30.32196800,1
460,"Невский пр., д. 70",Дом журналиста,135,59.93324400,30.34573700,44
461,"Садовая ул., д. 14/52",Пресс-центр Культура Северо-Запада России,821,59.93479000,30.33570300,1
462,"Пушкинская ул., д. 10",Музей нонконформистского искусства,182,59.92951500,30.35755900,3
463,"Большая Разночинная ул., д. 25А",ЕСОД,225,59.96148900,30.28689700,21
464,"Александровский парк, д. 5",паръ.spb,414,59.95348400,30.31999100,1
465,"Комарово, 3-я Дачная ул., д. 8",Дом творчества писателей,344,60.19037600,29.81601000,1
466,"Колпино, Советский бульвар, д. 29",ДК Ижорский,660,59.74623800,30.59412100,6
467,"Белинского ул., д. 9",Арт-пространство Bye-bye Ballet,514,59.93809000,30.34659900,1
468,"Мойка, д. 82",Галерея Исачева,409,59.93022300,30.30336400,2
469,"Восстания, д. 24",Винный бар Do Immigration,292,59.93839600,30.36011000,1
470,Памятник Достоевскому,street,53,59.93909500,30.31586800,1
471,"13 линия В. О., д. 22В",Дом молодежи Санкт-Петербурга,637,59.93858100,30.27242600,2
472,"Лахтинская ул., д. 25А",Театр Поколений,306,59.96419200,30.29747100,1
473,"Соляной переулок, д. 9",Музей обороны Ленинграда,483,59.94443600,30.34086800,3
474,"Чкаловский пр., д. 56",Мастерская художника,319,59.96825000,30.30206100,1
475,"Пушкин, Нижний Отдельный парк",street,53,59.70550000,30.42613600,1
476,"Мойка, д. 48",street,53,59.93445200,30.31994600,1
477,"Московский пр., д. 105, к. 5",BIRD Photostudio,248,59.89074900,30.31880600,1
478,"Шпалерная ул., д. 33",JFC-Jazz-club,645,59.94884300,30.35638200,1
479,"Невский пр., д. 177",Книжный дом Глагол,654,59.92369800,30.38418500,1
480,"Некрасова, д. 23",Все свободны,36,59.93861300,30.35869100,7
481,"Садовая ул., д. 33",Библиотека национальных литератур,170,59.92828900,30.32080900,25
482,"Маяковского ул., д. 10",Бакалавриат,73,59.93360000,30.35423500,6
483,"Малая Конюшенная ул., д. 4/2",Музей Зощенко,43,59.93794100,30.32628900,105
484,"Богатырский пр., д. 36",Приморский дом культуры,239,60.00277300,30.23820000,1
485,"Гражданский пр., д. 83",Библиотека Белинского,490,60.01884400,30.40540300,2
486,"Белинского ул., д. 9",Кухня,493,59.93809000,30.34659900,2
487,"Комендантский пр., д. 30",Центральная детская библиотека Приморского района,258,60.01487300,30.24981500,1
488,"Блохина, д. 15",Клуб-музей Камчатка,703,59.95190300,30.30142300,1
489,"Загородный пр., д. 15-17, сквер им. Довлатова",street,53,59.92559200,30.34065300,1
490,"Марата, д. 36",Мансарда,707,59.92570500,30.35251900,1
491,"Мга, ул., Спортивная, д. 4",Культурно-досуговый центр Мга,519,59.75832300,31.06365300,1
492,"Инженерная ул., д. 11",Михайловский манеж,387,59.93727400,30.33896400,6
493,"Ленинский пр., д. 90",Лицей № 90,670,59.85575500,30.20781000,1
494,Апраксин двор,street,53,59.92924500,30.32951400,1
495,"Ломоносова, д. 13",Эпсилон-бар,585,59.92650800,30.34097600,1
496,"Невский пр., д. 141",Дом Галича,307,59.92606600,30.37749300,4
497,"Лиговский пр., д. 115",Всё просто,816,59.91908500,30.35261800,1
498,"Дворцовая пл., д. 6-8",Главный Штаб,186,59.93870300,30.31800600,8
499,"Маяковского ул., д. 25",Фаренгейт 451,52,59.94004600,30.35568100,54
500,"Пестеля, д. 7",Гостевой дом Чиженька,815,59.94219600,30.34130800,1
501,"Каменноостровский пр., д. 13",Книжный клуб на Австрийской площади,395,59.95967400,30.31778200,1
502,"Грибоедова, д. 92/1",Школа нового кино,304,59.92674700,30.30341700,1
503,"Фонтанка, д. 38",Книжный магазин Англия,543,59.93409600,30.34472200,5
504,"Лиговский пр., д. 53",Галерея-103,389,59.92913600,30.35933800,4
505,"Большая Морская ул., д. 33",ЦГДБ им. Пушкина,88,59.93343300,30.31087300,17
506,"Инженерная ул., д. 7",Заведение Алилуя,376,59.93732800,30.33735600,1
507,"Биржевая линия В. О., д. 12",Галерея Уже,362,59.94364300,30.29601500,1
508,"Саперный переулок, д. 16/36",VinillaSky,40,59.94109600,30.35985900,24
509,"Новоорловская, д. 40",Деревня Художников,421,60.04833200,30.29435300,1
510,"Фонтанка, д. 50",БУМ,427,59.93071900,30.34207200,1
511,"Смольного, д. 3",Выставочный зал Смольный,699,59.95057800,30.39694100,6
512,"Невский пр., д. 46",Буквоед,19,59.93477700,30.33356500,491
513,"Гривцова, д. 16",Ресторан VEER,113,59.92952400,30.31505100,1
514,"Петергоф, Санкт-Петербургский пр-кт, д. 34",street,53,59.87936700,29.91044900,1
515,"Обводный, д. 74",Люмьер-Холл,850,59.91095600,30.32863300,2
516,Балтийский вокзал,street,53,59.90668400,30.29868300,1
517,"Невский пр., д. 90-92",Галерея Д-137,735,59.93238300,30.35240300,1
518,"Бакунина, д. 5",Галерея Арт-Рефлекс,791,59.92979900,30.37499500,1
519,"Волховский переулок, д. 6",Старый город,682,59.94485900,30.29017600,1
520,"Казанская ул., д. 7",Доска,595,59.93237800,30.32104200,1
521,"Невский пр., д. 63",Магазин Индиго,748,59.93181500,30.35283400,1
522,"Конногвардейский бульвар, д. 21",Скотный двор,763,59.93292400,30.29474900,3
523,"Большая Пушкарская ул., д. 50",Репин Бар,222,59.96253400,30.30854700,2
524,"1-я Красноармейская ул., д. 15",Freedom,318,59.91627500,30.30907700,1
525,"Свердловская наб., д. 44",Упсала-цирк,284,59.95864200,30.40411900,3
526,"Фонтанка, д. 23",Green club,750,59.93448300,30.34290700,1
527,"Виленский переулок, д. 4",АБЦентр,67,59.94036600,30.36171800,123
528,"Лиговский пр., д. 50",Capella Club,783,59.92484400,30.35894200,2
529,"Марата, д. 72",Детская библиотека истории и культуры Петербурга,555,59.92048700,30.34304200,4
530,"Рубинштейна, д. 23",Цветочки,295,59.92799100,30.34305100,1
531,"Рижский пр., д. 23",Театр Мимигранты,675,59.91366300,30.28263900,6
532,"Просвещения, д. 74",Снарк,470,60.04202900,30.39151500,1
533,"Приморское шоссе, д. 471",Дом творчества композиторов,502,59.99501200,30.14877200,1
534,"Савушкина, д. 141",Буквоед,19,59.99089900,30.20578000,1
535,"Петропавловская крепость, д. 3",Pro Arte,398,59.94955100,30.31664100,1
536,"Менделеевская линия В. О., д. 5",Философский факультет СПбГУ,214,59.94346200,30.29880900,12
537,"Лиговский пр., д. 53","КЦ на Пушкинской, 10",732,59.92913600,30.35933800,1
538,"Пушкин, ул., Малая, д. 20",Библиотека Мамина-Сибиряка,693,59.71962300,30.40211500,2
539,"Карповка, д. 5/2",Крышабар,643,59.96982100,30.30804400,1
540,"Чернорецкий переулок, д. 2",Новый выставочный зал музея городской скульптуры,373,59.92336000,30.38485900,7
541,"Крупской, д. 55",Камин и кот,669,59.88769300,30.41724300,1
542,"Пушкинская ул., д. 10",street,53,59.92951500,30.35755900,1
543,"Лермонтовский пр., д. 2",Большая хоральная синагога,47,59.92472700,30.29174800,12
544,"Правды, д. 9",Молодость,787,59.92345900,30.34217100,1
545,"Дворцовая наб., д. 26",Дом ученых,381,59.94340400,30.31966800,53
546,"Литейный пр., д. 64",Филин Гуд,627,59.93309900,30.34842300,1
547,"2-я линия В. О., д. 17",Галерея Zerno,369,59.94169600,30.28745400,1
548,"Почтамтская ул., д. 1",Сафо,515,59.93300500,30.30466600,1
549,"Гапсальская, д. 2",Гостиница-отель Аннушка,683,59.91240900,30.25975900,1
550,Преображенская площадь,street,53,59.94295300,30.35197100,4
551,"Пироговская наб., д. 5/2",КЗ Аврора,562,59.95698900,30.34135300,2
552,"15-я линия В. О., д. 34",Культурное место,270,59.93957700,30.26876000,2
553,"Ковенский переулок, д. 14",Книжный магазин Хувентуд,685,59.93748100,30.35900500,4
554,"Причал на наб. Макарова, 26","Причал на наб. Макарова, 26",714,59.94819900,30.28146300,1
555,"Рубинштейна, д. 20",Рубинштейн,48,59.93003800,30.34497400,4
556,"Черняховского, д. 31",Фронт,405,59.91802900,30.35780100,1
557,"Конюшенная пл., д. 2",Арт-пространство Территория Город,525,59.94070400,30.32599200,5
558,"Пестеля, д. 27",Квартира Бродского,313,59.94271900,30.34949200,1
559,"Марата, д. 36-38",Митьки-Арт,213,59.92570500,30.35251900,11
560,"Репина ул., д. 41",Свои книги,174,59.94433200,30.28583700,6
561,"8-я линия В. О., д. 77/79",Цыпа,651,59.94713100,30.27096100,1
562,"Литейный пр., д. 28",Театр-лаборатория Арт-Измерение,105,59.94109200,30.34889900,1
563,"Инженерная ул., д. 8",Русский музей,265,59.93807200,30.33860400,1
564,"Миллионая, д. 10",Bureau,704,59.94338100,30.32398000,2
565,Петропавловская крепость,Петропавловская крепость,611,59.94897800,30.30779200,1
566,"Биржевая линия В. О., д. 6",Университетский центр,476,59.94299400,30.29656300,1
567,"Казанская ул., д. 12",Галерея Квартира Алексея Сергиенко,257,59.93204900,30.32172500,8
568,"Грибоедова, д. 100",Галерея 12 Июля,107,59.92600300,30.30114500,19
569,"Малая Конюшенная улица, у памятника Гоголю",street,53,59.93720200,30.32559700,2
570,"Невский пр., д. 67",Time cafe СейЧас,620,59.93163400,30.35387600,3
571,"Комарово, Цветочная ул., д. 23",Краеведческий музей посёлка Комарово,500,60.18464900,29.82622300,1
572,"Лиговский пр., д. 80",Бард-клуб Парус,287,59.92154300,30.35520500,3
573,"Лиговский пр., д. 99",Библиотека Лиговская,121,59.92250300,30.35487300,28
574,"Невский пр., д. 12",Французский институт,10,59.93685900,30.31576900,24
575,"Сестрорецк, ул. Воскова, д. 2",Петровский арсенал,848,60.09392700,29.96893900,1
576,"Шамшева ул., д. 8",ДК Шелгунова,32,59.96033600,30.30084800,45
577,"Литейный пр., д. 57",Магазин Подписные издания,42,59.93478600,30.34768600,19
578,"Фонтанка, д. 78",Лицей,379,59.92699900,30.33352000,86
579,"Комарово, переулок, Осипенко, д. 5",Зеленый шатер,280,60.19225400,29.79658800,10
580,"Невский пр., д. 20",Дом военной книги,479,59.93630900,30.32122200,3
581,"Литейный пр., д. 60",Республика котов,190,59.93378500,30.34845000,1
582,"Обводный, д. 118",Зал ожидания,602,59.90810100,30.30735200,4
583,"Лиговский пр., д. 215",Библиотека Есенина,179,59.91076200,30.34722800,8
584,"Пушкин, ул. Магазейная, д. 40/27",Государственный музей Царскосельская коллекция,445,59.72300300,30.40823300,1
585,"7-я Красноармейская ул., д. 30",Библиотека Измайловская,26,59.91144400,30.30881600,23
586,"Гороховая ул., д. 39",Джекилл и Хайд,372,59.92924000,30.32053000,4
587,"пр. Сизова, д. 20, к. 1",Hobby-Centre,436,60.00913000,30.27350400,1
588,"Фонтанка, д. 49А",Новая сцена Александринского театра,45,59.93041200,30.33757100,176
589,"Народного ополчения, д. 3",Молодежный литературный клуб Зеленая кошка,448,59.85292700,30.27947700,1
590,"Пушкин, Нижний (Отдельный) парк",street,53,59.70550000,30.42613600,2
591,"Лесной пр., д. 65",Студклуб СПбГТУ,499,59.98722600,30.34731800,1
592,"Фонтанка, д. 15",РХГА,264,59.93619200,30.34304200,6
593,"Гатчинская ул., д. 23/25",Театр Синтез,95,59.96270600,30.29845000,3
594,"Моховая ул., д. 35","Театральная академия, театроведческий факультет",726,59.94061400,30.34474900,1
595,"Пл. Декабристов, д. 1",Паб Красный Лев,472,59.93592200,30.30097400,4
596,"Лиговский пр., д. 50, к. 16",Ионотека,6,59.92295000,30.36091900,95
597,"Грибоедова, д. 7",Заведение АКАКАО,269,59.93906800,30.32736700,1
598,"Конюшенная пл., д. 2",Achtung baby!,658,59.94070400,30.32599200,34
599,"Невский пр., д. 71",Квартира Кости Кройца,778,59.93151700,30.35507100,2
600,"4-я Красноармейская ул., д. 12",Husky бар,777,59.91367200,30.31347900,1
601,"Тучков переулок, д. 11/5",Окоп,143,59.94491400,30.28882900,1
602,"наб. Крюкова канала, д. 12",Лендок,171,59.92406400,30.29695000,16
603,"Мойка, д. 12",Музей Пушкина,109,59.94118600,30.32116800,35
604,"Космонавтов, д. 14",Буквоед,19,59.86894800,30.35048000,6
605,"Литейный пр., д. 24",Дом Мурузи,569,59.94250700,30.34901600,1
606,"Библиотечный пер., д. 4, корп. 2",Музей Октябрьской железной дороги,407,59.90533900,30.29760500,1
607,Угол Восстания и Маяковского,street,53,59.93790500,30.35518700,1
608,"Малая Конюшенная ул., д. 1-3",Шведская церковь Святой Екатерины,730,59.93865300,30.32576800,2
609,"Стремянная ул., д. 20",Библиотека на Стремянной,315,59.93085900,30.35362400,10
610,"Фонтанка, д. 112",Ресторан Баязет,351,59.92042900,30.31512200,1
611,"Фонтанка, д. 5",Галерея Свиное рыло,368,59.93767500,30.34245800,2
612,"Мошков переулок, д. 4",Сныть,210,59.94331400,30.32180600,1
613,"Большой проспект В. О., д. 65",Дом молодежи Василеостровского района,597,59.93499700,30.26655100,5
614,"Мойка, д. 48",Фундаментальная библиотека РГПУ им. Герцена,163,59.93445200,30.31994600,14
615,"наб. лейтенанта Шмидта, д. 11",Центр искусств им. Дягилева,203,59.93590300,30.28279200,1
616,"Лиговский пр., д. 50",Буфет Пьяная груша,216,59.92484400,30.35894200,6
617,"Рубинштейна, д. 29/28",black books bar,857,59.92684100,30.34246700,1
618,"Каховского, д. 9",Академическая гимназия СПбГУ,442,59.95227700,30.23546000,2
619,"14-я линия В. О., д. 29б",Матмех СПбГУ,274,59.93859000,30.27083600,1
620,"Большая Пушкарская ул., д. 29",Театральная гостиная Vinci,819,59.96042600,30.30684000,1
621,"Московский пр., д. 86",Информационно-досуговый центр М-86,776,59.90330000,30.31921000,2
622,"Лиговский пр., д. 74",Лофт-проект Этажи,37,59.92202100,30.35552000,47
623,"Фонарный переулок, д. 3",Ребра Евы,341,59.92902800,30.30457600,1
624,"Садовая ул., д. 11",Фонд Михаила Шемякина,253,59.93565100,30.33545100,10
625,Библиотека Лавренева,Библиотека им. Лавренева,847,59.93909500,30.31586800,1
626,"Грибоедова, д. 26",Книги и кофе,11,59.93304100,30.32605500,2
627,"пр. Науки, д. 44",Детская библиотека № 14,517,60.00628700,30.42637000,1
628,"Рубинштейна, д. 23","Встретились, поговорили",296,59.92799100,30.34305100,3
629,"Расстанная ул., д. 30",Литераторские мостки Волкова Кладбища,640,59.90428800,30.35935600,1
630,"3-я Советская ул., д. 7",Галар Кампот,101,59.93218000,30.36947100,8
631,Елагин остров,Летний читальный зал на Елагином острове,639,59.97927200,30.26248100,1
632,"Рылеева, д. 17-19",НПО Родные просторы,164,59.94226800,30.35683100,4
633,"Швецова ул., д. 41",Кафе Соло на столе,529,59.89745600,30.29115500,2
634,"Лиговский пр., д. 74",Книжный магазин Факел,237,59.92202100,30.35552000,1
635,"Подъездной переулок, д. 12","Подъездной переулок, д. 12",512,59.91849400,30.33378100,1
636,"Римского-Корсакова, д. 16/2",Библиотека Никольская,485,59.92393700,30.30207900,5
637,"Моховая ул., д. 15",Дом национальностей Санкт-Петербурга,694,59.94401700,30.34491100,1
638,"Рубинштейна, д. 8",ПОЭТому,76,59.93164800,30.34592600,1
639,"Садовая ул., д. 18",Российская национальная библиотека,18,59.93340200,30.33465200,230
640,"Новолитовская, д. 5, корпус 4",МКЗ У Лесного,601,59.97865100,30.34893500,1
641,"Литейный пр., д. 36",Музей Некрасова,254,59.93942400,30.34876400,8
642,"Каменноостровский пр., д. 13/2",Книжный клуб на Австрийской площади,395,59.95967400,30.31778200,41
643,"Миллионая, д. 5/1",Мраморный дворец,165,59.94496300,30.32728600,2
644,"Куйбышева, д. 2",Музей политической истории России,303,59.95458800,30.32506700,6
645,"Малая Морская ул., д. 20",Море,631,59.93423100,30.31029000,3
646,"Невский пр., д. 154",Научно-методический центр,467,59.92785600,30.37433000,1
647,"Фонтанка, д. 65",БДТ,648,59.92749100,30.33085200,1
648,"Конюшенная пл., д. 2",Баракобамабар,564,59.94070400,30.32599200,1
649,"Невский пр., д. 66",Книжная лавка писателя,22,59.93375800,30.34200900,478
650,"Вознесенский пр., д. 36",Insight,566,59.92474500,30.30837600,1
651,"Херсонская, д. 12-14",Израильский Культурный Центр,302,59.92865400,30.38100500,1
652,"Гороховая ул., д. 49",Zoom,458,59.92726100,30.32345900,47
653,"Садовая ул., д. 2",Инженерный замок,606,59.94023500,30.33705900,3
654,"Новгородская ул., д. 5А","ЦГДБ им. Пушкина, филиал № 4",330,59.93299600,30.38487700,2
655,"наб. адмирала Макарова, д. 10",ЦСЛК,61,59.94547200,30.29376100,523
656,"Думская ул., д. 9",Дачники,810,59.93277500,30.32732200,1
657,"Большой проспект В. О., д. 8/4",Мастерская Юрия Молодковца,75,59.94006000,30.28767000,1
658,"Большая Московская ул., д. 1-3",Ai,725,59.92731000,30.34721900,1
659,"Лиговский пр., д. 53",Арт-Лига,345,59.92913600,30.35933800,6
660,"Канонерский остров, конец набережной Морского канала",street,53,59.91225600,30.32932500,1
661,"Большая Пушкарская ул., д. 1",Винотека D.O.C.,576,59.95446600,30.29692300,6
662,"Невский пр., д. 7/9",Сайгон,487,59.93660700,30.31426000,1
663,"Казанская ул., д. 7",Freedom,318,59.93237800,30.32104200,11
664,"Мойка, д. 42",Датский институт культуры в Санкт-Петербурге,625,59.93679200,30.32044100,1
665,"Пионерская пл., д. 1",ТЮЗ им. Брянцева,657,59.92001800,30.33467900,1
666,"Фурштатская, д. 12",Международный центр развития Счастье жизни,766,59.94551700,30.35215100,1
667,"Невский пр., д. 92",Cafemax,424,59.93238300,30.35240300,6
668,"Лиговский пр., д. 50",ДК Розы,183,59.92484400,30.35894200,5
669,"Литейный пр., д. 20",Дом офицеров,844,59.94370100,30.34909700,1
670,"Маршала Говорова, д. 10",Книжный дом,751,59.87793500,30.26550000,1
671,"Фонтанка, д. 23",Кэшбар,126,59.93448300,30.34290700,3
672,"Шпалерная ул., д. 24",Кафе-бар Пегас,144,59.94923100,30.35065100,4
673,"Невский пр., д. 41",Дворец Белосельских-Белозерских,540,59.93277000,30.34484800,2
674,"Фонтанка, д. 20",Голицын-лофт,235,59.94062300,30.34119200,7
675,"Лиговский пр., д. 53",Галерея 21,505,59.92913600,30.35933800,4
676,"Кожевенная линия В. О., д. 40",Клуб-фестиваль Морзе,370,59.92439700,30.24203600,1
677,"Университетская наб., д. 17",Академия художеств,236,59.93749500,30.29025700,5
678,"Фонтанка, д. 90",Манхэттен,402,59.92533500,30.32932500,38
679,"9-я линия В. О., д. 12",Галерея Интерьеры махараджей,594,59.93789600,30.28042100,3
680,"Балканская пл., д. 5",Буквоед,19,59.82833700,30.37808500,3
681,"Петергоф, ул. Ботаническая, д. 66/5",ДКиН СПбГУ,454,59.87430900,29.82713100,4
682,"Апраксин переулок, д. 11",Камертон,650,59.92800900,30.32647700,1
683,"Пионерская ул., д. 32",Rock-кафе,506,59.96038100,30.28262100,23
684,"Громова, д. 4",ДК Громов,263,59.92138900,30.41209600,2
685,"Ломоносова, д. 24",Рюмочная На бровях,297,59.92694100,30.34080500,3
686,"Невский пр., д. 60",Союз художников,271,59.93406000,30.33917000,7
687,"Университетская наб., д. 11",Филологический факультет СПбГУ,191,59.94074000,30.30024600,74
688,"Ломоносова, д. 1",Apotheke Bar,291,59.93231500,30.32677400,1
689,"Марата, д. 33",Грязная галерея,604,59.92607900,30.35179200,1
690,"Грибоедова, д. 26",РЫБАПИЛА,741,59.93304100,30.32605500,1
691,"Инструментальная ул., д. 3",Орландина,511,59.97529700,30.32186000,2
692,"Дворцовая наб., д. 22",СимбиоZ,690,59.94371500,30.32071900,1
693,"Лиговский пр., д. 53",Галерея Кино-Фот-703,71,59.92913600,30.35933800,34
694,"Невский пр., д. 85",Московский вокзал,375,59.93014600,30.36205900,1
695,"Выборг, Замковый остров",Выборгский замок,765,60.71576400,28.72880600,2
696,"Фонтанка, д. 20",Театр фантастики,820,59.94062300,30.34119200,2
697,"Комарово, 3-я Дачная ул., д. 8",Библиотека пос. Комарово,357,60.19037600,29.81601000,1
698,"Новочеркасский пр., д. 49",Библиотека Малоохтинская,773,59.92519100,30.41520400,2
699,"1-я линия В. О., д. 10",horosho,780,59.94010000,30.29173900,1
700,"Лиговский пр., д. 87",ЦНСИ,607,59.92414500,30.35621100,3
701,"Невский пр., д. 88",Freedom,318,59.93246400,30.35180100,1
702,"Апраксин переулок, д. 5",Бутерброд,115,59.92855000,30.32541700,5
703,Царское Село,Запасной дворец,404,59.72246300,30.41694700,2
704,"Невский пр., д. 32-34",Борхес,23,59.93551100,30.32903700,27
705,"Галерная ул., д. 58-60",Смольный институт свободных искусств и наук,27,59.93035400,30.28510100,40
706,"Петрозаводская ул., д. 7Б",Магазин Академкнига,586,59.96398000,30.29234100,13
707,"Московский пр., д. 152",Театр Под самой крышей,497,59.88455000,30.32117700,3
708,"наб. лейтенанта Шмидта, д. 11",Смольный институт свободных искусств и наук,27,59.93590300,30.28279200,35
709,"Гороховая ул., д. 41",Библиотека Грибоедова,59,59.92881600,30.32117700,20
710,"Профессора Попова, д. 47",ЛДМ,397,59.97118100,30.28706800,3
711,"Вознесенский пр., д. 20",Vnutri,756,59.92908200,30.30856500,2
712,"Садовая ул., д. 30",Стокер,316,59.92802700,30.32743800,4
713,"Миргородская, д. 1",Дом причта Феодоровского собора,160,59.92491600,30.37026100,2
714,"Маяковского ул., д. 19",Книжный магазин Во весь голос,347,59.93855000,30.35567200,7
715,"Марая Морская, д. 5",Галерея Палитра,419,59.93638100,30.31338900,1
716,"Александровский парк, д. 4",Театр Балтийский дом,556,59.95511100,30.31165500,3
717,"Петергоф, Нижний Парк, у ""Шахматной Горы""",street,53,59.88549800,29.91384500,1
718,"Фонтанка, д. 15",Порядок слов,21,59.93619200,30.34304200,810
719,"Гороховая, д. 49",Танцы,127,59.92726100,30.32345900,31
720,"Жака Дюкло, д. 6",Театр Куклы,172,60.01008800,30.35807100,110
721,"Грибоедова, д. 103",Музей искусства Санкт-Петербурга,231,59.92644500,30.30002200,4
722,"Канонерский остров, д. 32",street,53,59.90289400,30.21707100,1
723,"пл. Островского, д. 6",Александринский театр,437,59.93177000,30.33626900,1
724,"Достоевского, д. 34",Открытое пространство,85,59.92315700,30.34703100,4
725,"Преображенская пл., д. 4",Генеральное консульство Финляндии,396,59.94359300,30.35234000,5
726,"103-я Советская ул., д. 8A","ЦГДБ им. Пушкина, филиал № 3",89,59.93909500,30.31586800,5
727,"Пер. Антоненко, д. 4",Циник,406,59.93093500,30.31098100,2
728,"Грибоедова, д. 31",Самосуд,532,59.93206700,30.32361200,1
729,Александровский Сад,Александровский Сад,583,59.93630900,30.30693000,2
730,"Свердловская наб., д. 12",Клим Ворошилов,377,59.95805200,30.37865100,8
731,"Ломоносова, д. 1",Галерея искусств Чердак Художника,106,59.93231500,30.32677400,8
732,"Обводный, д. 74А",Креативное пространство ЛЮМЬЕР-ХОЛЛ,178,59.91095600,30.32863300,1
733,"Павловское шоссе, д. 6",Павловский парк,444,59.71040700,30.41417100,1
734,"Фонтанка, д. 129",Кафе-бар Funnydogs,723,59.91958100,30.30639100,1
735,"Большая Московская ул., д. 9",Кофейня 64 зерна,132,59.92593100,30.34635700,8
736,"Московский пр., д. 107, к. 5",Скороход,591,59.89093400,30.31691900,4
737,"Лиговский пр., д. 53","Арт-центр Пушкинская, 10",15,59.92913600,30.35933800,10
738,"Заневский пр., д. 67, к. 2",Снарк,470,59.93302300,30.43763500,2
739,"Каменноостровский пр., д. 26-28",Театр Остров,314,59.96284500,30.31390100,2
740,"Ижорская ул., 13",Редакция журнала НоМИ,415,59.95943100,30.29702100,1
741,"Колпино, ул., Пролетарская, д. 36",ТРК Меркурий,332,59.74058800,30.58406000,1
742,"Думская ул., д. 9",Синий Пушкин,324,59.93277500,30.32732200,1
743,"Гагаринская ул., д. 20",Книги и кофе,11,59.94467000,30.34321300,174
744,"Гривцова, д. 2",Depeche Mode,358,59.93187800,30.31265200,3
745,"Кирочная, д. 8",Анненкирхе,129,59.94423300,30.35277100,3
746,"наб. Адмиралтейского канала, д. 27",Театр-студия СПбГУ,655,59.93007900,30.28703200,4
747,"Аптекарский переулок, д. 6",Мастерская Виктора Тихомирова,772,59.94246200,30.32838200,2
748,"Рубинштейна, д. 18",Малый драматический театр,552,59.93032700,30.34513500,5
749,"Лиговский пр., д. 53",Музей звука,251,59.92913600,30.35933800,6
750,"Исаакиевская пл., д. 5",Российский институт истории искусств,767,59.93349200,30.30447700,2
751,"Мойка, д. 48",РГПУ,346,59.93445200,30.31994600,7
752,"Пушкинская, д. 10","Пушкинская, 10",833,59.92951500,30.35755900,1
753,"Казанская ул., д. 7",Black box theatre,664,59.93237800,30.32104200,1
754,"Маяковского ул., д. 28",street,53,59.93849100,30.35493600,2
755,"Моховая ул., д. 30",Редакция Петербургского театрального журнала,781,59.94126300,30.34552100,12
756,"Банковский пер., д. 3",Хостел Друзья,636,59.93054300,30.32395300,1
757,Театральная площадь,Театральная просто,281,59.92583100,30.29725500,1
758,Пл. Искусств,street,53,59.93727800,30.33165200,1
759,"Большой пр. П. С., д. 18",Восточноевропейский институт психоанализа,425,59.95539400,30.29482100,20
760,"Звенигородская ул., д. 12",Галерея Ультра Марин,596,59.92143500,30.33802100,2
761,"Пушкин, Набережная, д. 14",Пушкинский районный дом культуры,453,59.71585700,30.41356000,2
762,"Звенигородская ул., д. 30","Театр ""Суббота""",849,59.91830000,30.34302400,1
763,"Менделеевская линия В. О., д. 5",Центр современного искусства при СПбГУ,434,59.94346200,30.29880900,1
764,"13-я линия В. О., д. 72",ДК Розы,183,59.94636900,30.26412500,1
765,"Куйбышева, д. 1/5",Арт-Проспект,858,59.95452500,30.32697100,1
766,"Воскова, д. 18/10",Кафе-клуб Песня,145,59.95821900,30.30754100,11
767,"Гороховая ул., д. 47",DaDa,489,59.92739600,30.32332400,19
768,"Большой проспект В. О., д. 18А",Книжный гипермаркет Лас-Книгас,692,59.93906300,30.28422000,6
769,"Тучков переулок, д. 11",Дуня,574,59.94491400,30.28882900,1
770,"Маяковского ул., д. 6",street,53,59.93306800,30.35404700,1
771,"Ветеранов, д. 78",Центральная детская библиотека Кировского района,471,59.83293700,30.21576900,2
772,"Новый Петергоф, Эрлеровский бульвар, д. 18",Центральная библиотека Петергофа,851,59.87271500,29.90862600,1
773,"Большая Конюшенная ул., д. 9",Пыль,799,59.93984800,30.32366500,1
774,"Маршала Говорова, 47",Place,839,59.89949600,30.28982600,1
775,"Московский пр., д. 109",Малевич,74,59.88988200,30.31873400,39
776,"17-я линия В. О., д. 14А",Библиотека Островского,435,59.93617400,30.26924600,2
777,"Невский пр., д. 20",biblioteka,111,59.93630900,30.32122200,11
778,"Жуковского, д. 13",Чеширский кот,430,59.93577300,30.35242100,1
779,"Лиговский пр., д. 50",TimeCraft,758,59.92484400,30.35894200,2
780,"Садовая ул., д. 50",Юсуповский сад,795,59.92440600,30.31365800,1
781,"Большая Пушкарская ул., д. 50",Регал,646,59.96253400,30.30854700,3
782,"Комарово, Кудринский переулок, д. 5",Зеленый шатер,280,60.19246900,29.79769300,19
783,"Большой проспект В. О., д. 83",ДК Кирова,736,59.93357700,30.25400100,1
784,"Пушкинская ул., д. 9",Театр поэтов Послушайте!,148,59.92963700,30.35673200,110
785,"Выборгское шоссе, д. 5, к.1",Школа музыки Эглерио,300,60.04148100,30.31893100,1
786,"наб. Робеспьера, д. 14",Музей кофе,447,59.94945600,30.36254500,1
787,"Большая Конюшенная ул., д. 11",Галерея Мольберт,534,59.93968100,30.32359400,5
788,"Колпино, ул. Веры Слуцкой, д. 32",Библиотека Светлова в Колпино,308,59.74437000,30.58290100,2
789,"Ленсовета, д. 36",ZIS,227,59.84692400,30.33097800,1
790,"Мойка, д. 12",Бироновы конюшни,390,59.94118600,30.32116800,1
791,"Лиговский пр., д. 50",Клуб-клуб-клуб,642,59.92484400,30.35894200,1
792,"Дворцовая наб., д. 34",Эрмитаж,359,59.94207400,30.31583200,4
793,"Садовая ул., д. 28-30",Революция,740,59.93075100,30.32792300,7
794,"Манежная пл., д. 2",Книжный салон,70,59.93684100,30.33931400,9
795,"Лиговский пр., д. 53",ГЭЗ-21,122,59.92913600,30.35933800,53
796,"Потемкинская ул., д. 4",Таврический сад,575,59.94581500,30.36878800,3
797,"Итальянская ул., д. 17",Бездельники,813,59.93613300,30.33429300,1
798,"Почтамтская ул., д. 14",Музей истории религии,198,59.93168800,30.30112700,3
799,"Садовая ул., д. 25",Книжный магазин Мир печати,440,59.92988500,30.32469000,1
800,"пр. Юрия Гагарина, 17",Музей-библиотека Книги блокадного города,695,59.86308900,30.33485000,1
801,"Петергоф, Ульяновская ул., д. 3",Физический факультет СПбГУ,418,59.88157000,29.82360000,2
802,"Фонтанка, д. 44",Библиотека Маяковского,14,59.93230600,30.34373400,35
803,"Грибоедова, д. 22",Свитер с оленями,700,59.93387900,30.32647700,1
804,"Ленинский пр., д. 115",Библиотека им. Молчанова,298,59.85122300,30.24754200,7
805,"Грибоедова, д. 26",Choker,250,59.93304100,30.32605500,8
806,"Литейный пр., д. 60",Санкт-Петербургская ассоциация международного сотрудничества,572,59.93378500,30.34845000,1
807,"Разъезжая ул., д. 26-28",Бар мистера Кокошки,542,59.92390600,30.34919600,1
808,Шпалерная ул.,Квартира Аронзона на Шпалерной,299,59.94890200,30.36614700,1
809,"Кемская ул., д. 8/3",Библиотека Кировских островов,327,59.97351800,30.26091800,6
810,"Фонтанка, д. 130",Театр дождей,504,59.91793500,30.30422600,1
811,"Садовая ул., д. 2",Русский музей,265,59.94023500,30.33705900,2
812,"Моховая ул., д. 42",Галерея Люда,733,59.93916300,30.34539600,1
813,"Кирилловская ул., 19",Ленинградская Областная Научная Универсальная Библиотека,835,59.93643100,30.38423900,1
814,"Большая Пушкарская ул., д. 7",Мансарда художников,677,59.95532200,30.29851300,3
815,"Невский пр., д. 74",Пространство Табурет,610,59.93302300,30.34733600,4
816,"Малая Посадская ул., д. 3А",Горький,77,59.95764200,30.32087200,1
817,"Тучков переулок, д. 12",Time-cafe Саквояж,638,59.94472000,30.28835300,1
818,Ветеранов д. 155,Центральная библиотека Красносельского района,460,59.83585300,30.12933300,1
819,"Казанская ул., д. 7",ПОЭТому,76,59.93237800,30.32104200,6
820,"Пл. Ленина, д. 1",Концертный зал у Финляндского,238,59.95384500,30.35689400,11
821,Набережная Робеспьера,Причал на набережной Робеспьера,580,59.94971700,30.36162800,1
822,"Рубинштейна, д. 3",Еврейский общинный центр,41,59.93200800,30.34539600,172
823,"Институтский пр., д. 16, кор. 2",Центр культурных инициатив Сад,727,60.00258400,30.34778500,3
824,"Чайковского, д. 10",DO-gallery,195,59.94683300,30.34502700,12
825,"Парголовская, д. 13/2",Литературное радио,731,59.98604300,30.34580000,1
826,"Грибоедова, д. 74",Галерея стеклянных картин Анны Дорониной,811,59.92586700,30.31044200,1
827,"Шаумяна, д. 22",Театр Буфф,688,59.93164800,30.41729700,1
828,"Рубинштейна, д. 40/11",Social Club,151,59.92670200,30.34287100,12
829,"Восстания, д. 41",Камерный театр Малыщицкого,350,59.94000100,30.36093700,1
830,"Графтио, д. 2Б",Музей Шаляпина,830,59.97417100,30.30557300,1
831,1-я линия В. О. д. 30,Институт Океанологии,416,59.94321400,30.28812800,1
832,"Невский пр., д. 179/2",Новый выставочный зал музея городской скульптуры,373,59.92281000,30.38475100,8
833,"Невский пр., д. 35",ГостинкаART,579,59.93417200,30.33263100,2
834,"Гражданская ул., д. 3",PRE,480,59.92876700,30.31469100,3
835,"Пестеля, д. 7",Китайский летчик Джао Да,400,59.94219600,30.34130800,4
836,"Мучной пер., д. 2",Ионотека,6,59.93044900,30.32247100,5
837,"Невский пр., д. 48",Цифербург,360,59.93475400,30.33426600,14
838,"Грибоедова, д. 103",Малый зал ЦВЗ Манеж,609,59.92644500,30.30002200,4
839,"Шкапина, д. 6",Библиотека Тимирязева,34,59.90766300,30.29694100,22
840,"Фонтанка, д. 40",ПирОГИ,399,59.93370800,30.34462300,12
841,"пл. Искусств, д. 4",Подвал Бродячей Собаки,96,59.93671500,30.33373600,229
842,"Кожевенная линия В. О., д. 40",Севкабель Порт,336,59.92439700,30.24203600,2
843,"Невский пр., д. 81",Циферблат,128,59.93094400,30.35950800,16
844,"Шпалерная ул., д. 3",Лаборадория Интимное место,243,59.94810000,30.34325800,3
845,"Уточкина, д. 7",Несуществующий этаж,551,60.01224600,30.26458300,2
846,"Турку, д. 11",Библиотека Чехова,363,59.86677500,30.38245100,2
847,"6-я линия В. О., д. 5",LAZAREV GALLERY,550,59.93737800,30.28571200,1
848,"Боровая ул., д. 32",Свой круг,57,59.91796200,30.34635700,3
849,"Грибоедова, д. 126",Дом семейных торжеств,744,59.92084800,30.29548500,1
850,метро Елизаровская,Квартирник,746,59.89664400,30.42377400,1
851,"Ивановская ул., д. 14",Библиотека Абрамова,33,59.87455300,30.44242300,28
852,"Пирогова, д. 18",Четверть,633,59.92837900,30.30034500,5
853,"Невский пр., д. 18",Литературное кафе,426,59.93655700,30.31824900,8
854,"пр. Просвещения, д. 19",Буквоед,19,60.05270300,30.33119300,10
855,"Жуковского, д. 12",Bar Dead Poets,87,59.93612400,30.35336400,19
856,"Богатырский пр., д. 2",ЛенСпецСМУ,477,59.99963800,30.29541300,1
857,"Малая Конюшенная ул., д. 1-3",Дворец учащейся молодежи,774,59.93865300,30.32576800,1
858,"Мучной переулок, д. 5",Art lab Medovarus,759,59.93001100,30.32239900,1
859,"Невский пр., д. 48",Пассаж,294,59.93475400,30.33426600,7
860,"Грибоедова, д. 54",Charlie,196,59.92698100,30.31584100,2
861,"пр. Юрия Гагарина, д. 8",Петербургский СКК,691,59.86920500,30.34002400,1
862,"Большой Сампсониевский пр., д. 37",Дом молодёжи Форпост,92,59.96750700,30.34273700,21
863,"5-я Советская ул., д. 45",ПОЭТому,76,59.93259900,30.37494100,2
864,"Промышленная, д. 17а",НИУ ВШЭ,242,59.89793900,30.26308300,1
865,"Гороховая ул., д. 46",Дитрихбар,570,59.92667900,30.32499500,5
866,"Михайловская ул., д. 3",Музей И.И.Бродского,205,59.93594900,30.33057400,5
867,"Малая Посадская ул., д. 8",street,53,59.95796700,30.32131200,1
868,"Колокольная ул., д. 10",Лавочка КнигиПодарки,546,59.92874000,30.35096500,1
869,"Гороховая ул., д. 39",Кончита-Бонита,721,59.92924000,30.32053000,1
870,"Комарово, Кавалерийская ул., д. 4/4",Дом творчества писателей,344,60.18052900,29.80954200,30
871,"Театральная пл., д. 3",Театр Романа Виктюка в помещении Консерватории им. Н.А.Римского-Корсакова,656,59.92586300,30.29759600,1
872,"Большая Морская ул., д. 47",Музей Набокова,49,59.93188700,30.30492700,63
873,"Никольская пл., д. 6",Матисс-клуб,286,59.92279600,30.30263600,3
874,"Марата, д. 25",Редакция Санкт-Петербургских ведомостей,246,59.92745900,30.35259100,1
875,"Среднеохтинский пр., д. 8",Библиотека Гоголя,337,59.94803700,30.41309300,8
876,"Пл. Растрелли, д. 1А",Смольный Собор,647,59.94884800,30.39555800,1
877,"Генерала Симоняка, д. 9",Досуговый клуб Ритм,681,59.83013300,30.20339900,2
878,"Невский пр., д. 13",Центр китайского языка Иероглиф,825,59.93630000,30.31675700,1
879,"Павловск, Садовая ул., д. 20",Павловский дворец,728,59.68514000,30.45410100,1
880,"Гагаринская ул., д. 30",Форсайт,411,59.94381400,30.34333900,1
881,"Новолитовская ул., д. 15А",Кафе драмы и комедии,548,59.98036200,30.35492700,5
882,Летний сад,Чайный домик Летнего сада,433,59.94490500,30.33555000,5
883,"Гагаринская ул., д. 3",Шалтай-Болтай,380,59.94797800,30.34137100,13
884,"Малая Посадская ул., д. 26",Факультет философии человека РГПУ им. Герцена,244,59.95758800,30.32709700,1
885,"Канонерский остров, территория недостроенной ТЭЦ",street,53,59.89858900,30.21068400,1
886,Детская улица,street,53,59.92980800,30.24998600,1
887,"пл. Островского, д. 6",Музей театрального и музыкального искусства,282,59.93177000,30.33626900,13
888,"1-я Красноармейская ул., д. 15",Книжный магазин Буква,403,59.91627500,30.30907700,3
889,"Невский пр., д. 154",Театр-хостел Антракт,524,59.92785600,30.37433000,1
890,"Воронежская ул., д. 2А",Грибоедов,98,59.91951300,30.35080400,49
891,"Гороховая ул., д. 41",Хостел In Touch,557,59.92881600,30.32117700,2
892,"наб. Адмиралтейского канала, д. 2",Новая Голландия,64,59.92960500,30.28708600,112
893,"Лиговский пр., д. 74",Галерея Формула,545,59.92202100,30.35552000,2
894,"Торфяная дорога, д. 7",Буквоед,19,59.98940000,30.25732500,3
895,"6-я линия В. О., д. 29",Новый музей,223,59.94284500,30.27938800,14
896,"Садовая ул., д. 13-15",Чудо-бар,465,59.93489800,30.33507400,3
897,"Ленинградская область, Всеволжский район, Мурманское шоссе, 12 км",Букбери,749,59.88869500,30.51011100,1
898,"Малая Морская ул., д. 8",Издательство Астрель,739,59.93563300,30.31357700,1
899,"Каменноостровский пр., д. 26-28",Образовательный центр Дом Бенуа,516,59.96284500,30.31390100,3
900,"Бабушкина, д. 29, корп. 2",Квартирники у Гороховского,374,59.89092500,30.42813100,3
901,"Каменноостровский пр., д. 42",ДК Ленсовета,590,59.96686300,30.30998400,6
902,"Фонтанка, д. 8",Оружейника Фёдорова,719,59.94513000,30.33853300,1
903,"Думская ул., д. 9",Улитка на склоне,553,59.93277500,30.32732200,1
904,"Садовая ул., д. 30",Ресторан-клуб эстетики хоррора The Bat,114,59.92802700,30.32743800,1
905,"Николаевская, д. 16","Выставочный зал Николаевская, 16",509,59.87666200,29.95453000,1
906,"наб. р. Мойки, д. 32",Музей печати,137,59.93843200,30.32062000,1
907,Сквер Андрея Петрова,street,53,59.96329600,30.31295800,3
908,"1-я линия В. О., д. 52",Филологический факультет РГПУ им. Герцена,204,59.94654000,30.28433700,7
909,"Невский пр., д. 20",Книжный магазин Мы,449,59.93630900,30.32122200,36
910,"Сергея Лазо, д. 8, к. 4","Клуб Новая линия, филиал Пороховской библиотеки",446,59.95688100,30.48305400,1
911,"Котина, д. 6, к. 3",Галерея Ликт-Арт,522,59.85749100,30.20793600,4
912,Канонерский остров,пляж Канонерского острова за гаражами,420,59.89858900,30.21068400,1
913,"Казанская ул., д. 3",Книжный магазин #HERZENКНИГИ,348,59.93381600,30.32241700,1
914,"Университетская наб., д. 7/9",СПбГУ,134,59.94074000,30.30024600,13
915,"Невский пр., д. 81",Галерея ПИК-Арт,462,59.93094400,30.35950800,1
916,"Варшавская ул., д. 29",Гримерка,544,59.86330600,30.31337100,2
917,"Невский пр., д. 30",Малый зал филармонии,146,59.93553800,30.32734000,4
918,"Казанская ул., д. 7",Ресторан Тинькофф,353,59.93237800,30.32104200,2
919,"Фонтанка, д. 22-24",2 Колеса,192,59.94028000,30.34163200,1
920,"Грибоедова, д. 123",НИУ ВШЭ,242,59.92300400,30.30332800,9
921,"Грибоедова, д. 52",Чайхана Аъало,161,59.92751300,30.31578700,1
922,"Некрасова, д. 36",Holy Water,828,59.93893300,30.35930200,1
923,"Гагаринская ул., д. 3",Европейский университет,31,59.94797800,30.34137100,60
924,"Караванная ул., д. 12",Дом кино,335,59.93625100,30.34216200,10
925,"Лиговский пр., д. 289",Route 148,533,59.89466200,30.32872300,19
926,"Казанская ул., д. 7",Radiobaby,492,59.93237800,30.32104200,10
927,"Токсово, ул., Гагарина, д. 22",Музей леса,464,60.14630800,30.48928800,1
928,"Рентгена, д. 9Б",Коворкинг Контекст,312,59.96353000,30.32194100,1
929,street,весь мир,538,59.93909500,30.31586800,1
930,"Генерала Хрулева, д. 9",Киностудии RWS,709,59.99588100,30.29126300,1
931,"Загородный пр., д. 28Б",Музей-квартира Н. А. Римского-Корсакова,168,59.92460500,30.34108400,1
932,"Володарского, д. 9","Гатчина, бар New York",665,59.83513400,30.09442400,1
933,"Фонтанка, д. 41",Дом Кочневой,530,59.93070500,30.33926900,2
934,"Кадетская линия В. О., д. 9",Ресторан Ragu,260,59.94364700,30.28855900,1
935,"Энгельса, д. 154",Лавочка детских книг,384,60.05908600,30.33502000,4
936,"Приморский пр., д. 74",Парк 300-летия Петербурга,365,59.98409800,30.20277000,2
937,"Чайковского, д. 12",Banka Soundbar,110,59.94681500,30.34603400,20
938,"Невский пр., д. 20",БИКЦИМ,13,59.93630900,30.32122200,134
939,"Малая Посадская ул., д. 3А",HORROR BAR,715,59.95764200,30.32087200,1
940,"4-я Красноармейская ул., д. 1/33",СПбГУКИ,498,59.91398800,30.31679300,3
941,"Банковский пер., д. 3",Нико,58,59.93054300,30.32395300,25
942,"Невский пр., д. 22",Лекторий Cultura,823,59.93594400,30.32409700,1
943,"Грибоедова, д. 42",Жук,93,59.92999300,30.31864400,1
944,"Биржевая линия В. О., д. 12",Kletka,301,59.94364300,30.29601500,1
945,"Потемкинская ул., д. 4а",Ленинград Центр,706,59.94645900,30.36917400,4
946,"Моховая ул., д. 34",Малая сцена Академии театрального искусства,563,59.94065400,30.34553000,1
947,Большая Разночинная 17А,Редакция журнала Аврора,354,59.96041700,30.28899100,1
948,"Чайковского, д. 59",Чаплин-Клуб,275,59.94626600,30.36011000,1
949,под мостом Александра Невского со стороны Заневского пр.,street,53,59.92501500,30.38274800,1
950,"Большая Конюшенная ул., д. 15",NAMEGALLERY,662,59.93900000,30.32323400,1
951,"Лермонтовский пр., д. 43/1",Азимут,855,59.91460100,30.29664400,1
952,"Малый пр. П. С., д. 9/6",Классическая гимназия 610,193,59.95500700,30.29213500,2
953,"Аптекарский переулок, д. 1",АБЦентр,67,59.94390900,30.32583000,17
954,"Новоизмайловский пр., д. 48",Дом молодежи,159,59.85339200,30.30658900,4
955,"Мошков переулок, д. 4",Миракль,24,59.94331400,30.32180600,15
956,"Литейный пр., д. 60",Дом Дружбы,722,59.93378500,30.34845000,1
957,"Литейный пр., д. 24",Фонд создания музея Иосифа Бродского,333,59.94250700,30.34901600,2
958,"Карповка, д. 5/2",Studio 212,802,59.96982100,30.30804400,1
959,"Нахимова, д. 8/3",Библиотека Ломоносова,38,59.94273200,30.23555000,5
960,"Невский пр., д. 22-24",Петришуле,560,59.93594400,30.32409700,1
961,"Дворцовая наб., д. 20",Тайга,605,59.94387200,30.32120400,2
962,"Фонтанка, д. 20",Тайное общество,104,59.94062300,30.34119200,1
963,"Невский пр., д. 22-24",Лютеранская церковь святых Петра и Павла,644,59.93594400,30.32409700,1
964,"Стрельна, Орловская ул., д. 2",Музей Юрия Инге в Стрельне,782,59.85375800,30.03795600,1
965,"6-я линия В. О., д. 39",Галерея 14/45,775,59.94516100,30.27658500,1
966,"Лиговский пр., д. 50, корп. 13",Ящик,30,59.92341400,30.36220300,45
967,"Апраксин переулок, д. 11",Книжный магазин Раскольниковъ,797,59.92800900,30.32647700,4
968,"Выборгская наб., д. 27",Вам сюда!,789,59.96734000,30.33837100,2
969,"Добролюбова, д. 1",Творческая мастерская Наш театр,311,59.94963600,30.30599600,3
970,"Невский пр., д. 20",Daily,616,59.93630900,30.32122200,1
971,"Невский пр., д. 20",Библиотека Блока,125,59.93630900,30.32122200,27
972,"Петергоф, ул. Царицынская, д. 2",КЦ Каскад,623,59.87621900,29.91616300,2
973,"Жуковского, д. 28",AnnaNova,249,59.93603900,30.35969700,10
974,"Гатчина, пр. 25 Октября, д. 42",Кафе Рапан,215,59.57464900,30.12770700,3
975,"3-я Советская ул., д. 8А","ЦГДБ им. Пушкина, филиал № 3",89,59.93354100,30.36675800,1
976,"Бухарестская ул., 122",Библиотека на Бухарестской 122,614,59.84518400,30.40923000,1
977,"Жуковского, д. 3",Синий Пушкин,324,59.93579100,30.35023800,1
978,"3-я Советская ул., д. 2/3",Цоколь,55,59.93399200,30.36541000,11
979,"Шамшева, д. 8",ДК Шелгунова,32,59.96033600,30.30084800,1
980,"Гороховая ул., д. 62",Лавочка детских книг,384,59.92321100,30.33040300,2
981,"Фонтанка, д. 46",Библиотека Маяковского,14,59.93182800,30.34337500,675
