"id","description","date","place","address","latitude","longitude"
1,"""Пушкинская Обсерватория"" (Галерея 103) и Гуманитарное ателье Амплитуда имеют честь пригласить Вас 25 августа 2000 года в 19.00 на презентацию антологии современной русской поэзии ""новой волны"" 'Crossing Centuries: New Generation in Russian Poetry' при участии авторов-составителей, американских поэтов Вадима Месяца, Эда Фостера, Леонарда Шварца, Джона Хая и петербургских поэтов, представленных в антологии. Ждем Вас по адресу: Галерея 103, Пушкинская, 10, вход с Лиговский пр., д. 53 (во дворе). Вход абсолютно свободный. Будем очень рады Вас видеть. Со-кураторы Амплитуды: Дм. Голынко-Вольфсон, А. Скидан","2000-08-25 18:00:00","Амплитуда","Лиговский пр., д. 53",59.92913600,30.35933800
2,"6 марта накануне Женского дня, или Праздника Весны и Любви, в арт-салоне Невский,24 выступит поэт и музыкант Елена Афонина со своей сольной песенно-стиховой программой, куда войдут композиции из ее нового альбома «Хайдеггер» (релиз – май 2015) и стихи из альбома The Sun и Long Love. Лена выступит вместе с музыкантами Пашей Тулановым (гитара) и Катей Филиппович (скрипка). Вы услышите разные по стилю и настроению композиции - от электронных импровизаций и брит-попа до французского шансона и ритмов буги-вуги 60-х. Концерты Лены – это всегда уютная лирическая атмосфера и возможность получить прекрасные светлые эмоции. [соб. инф.]  ","2015-03-06 19:00:00","Арт-салон на Невском, 24","Невский пр., д. 24",59.93594400,30.32409700
3,"ВЕЧЕР ОТМЕНЕН !!! Вечер поэта Сергея Стратановского. Новые стихи.","2006-12-22 18:00:00","Санкт-Петербургский союз литераторов","Думская ул., д. 1-3",59.93419900,30.32897500
4,"Клуб альманаха ""ПАЛАЛЛЕЛИ СУДЕБ"". ОТКРЫТИЕ СЕЗОНА. Гость из Израиля автор альманаха. поэт ИОСИФ СКАРБОВСКИЙ. Участвуют : Юрий Пейсахович. Лора Кутузова. Екатерина Асмус. Яна Чернявская. Татьяна Тукациер. Нина Патова и другие. [параллели судеб]","2011-09-19 15:30:00","Библиотека им. Пушкина Петроградского района","Большой проспект П. С., д. 73",59.96520500,30.31153800
5,"М. Веллер. Литературный концерт. Парадоксальный мыслитель и блестящий оратор, он раскрывает русскую классику с неожиданной и неопровержимой точки зрения: духовность противопоставлена победе в жизни, все герои обречены на бессмысленное угасание, счастье недостижимо, и эта депрессия передается читателю. «Где борцы и победители, чему нас учат?» – этим вопросом Веллер озадачит гостей его литературного концерта в музее Эрарта. О Михаиле Веллере: Михаил Иосифович Веллер за свою жизнь примерил столько ролей, что обычному человеку сложно себе представить. В 1970 году он бросил учебу, чтобы отправиться бродяжничать по Азии. Позже он был матросом на траулере, деревенским учителем, сапожником и сотрудником музея атеизма в Ленинграде. Именно благодаря такому разнообразному жизненному опыту у Веллера есть то, чего нет у многих современных писателей — колорит. Причем он одинаково ярко выражается как на бумаге, так и в живом общении [эрарта, билеты - https://tickets.erarta.com/ru/scheme/5170/13.04.2017/20:00?_ga=1.96254556.1514863452.1480682621]  ","2017-04-13 19:00:00","Эрарта","29-я линия В. О., д. 2",59.93189600,30.25162100
6,"пьяный гангстер. запрещенный концерт в связи с весенним депрессивным состоянием. розовое шампанское на входе пришедшим гостям, слезливые стихи о непонятной такой любви, атмосфера витиеватой грусти, которую непременно нужно запить чем-нибудь крепким. весь вечер на сцене, поэтесса для никого — Дарья Вишневская. [соб. инф.]  ","2017-04-13 19:00:00","Ионотека","Лиговский пр., д. 50, к. 16",59.92295000,30.36091900
7,"Поют поэты Петербурга: Борис КРАСНОВ, Александр КУРАПЦЕВ, Евгений ПОПОВ. [соб. инф.]  ","2017-04-14 17:00:00","Библиотека им. Толстого","6-я линия В. О., д. 17",59.94109200,30.28140900
8,"Презентация книги Глеба Морева «Диссиденты» (АСТ, 2017). [музей]  ","2017-04-14 17:30:00","Музей Ахматовой","Литейный пр., д. 53",59.93633200,30.34770400
9,"Лекция Андрея Аствацатурова «Джером Сэлинджер: поиск оснований» [соб. инф., билеты https://okhtalab.timepad.ru/event/461324/]  ","2017-04-15 16:00:00","ОхтаLab","Якорная ул., д. 5А",59.94013200,30.41806000
10,"ВСТРЕЧА С ПИСАТЕЛЕМ ФУАДОМ ЛАРУИ. Инженер и писатель, преподаватель наук об окружающей среде, пишущий для газеты «Jeune Afrique» родился в Марокко, ныне проживает в Нидерландах — и воплощает собой тот самый «бескомпромиссный гуманизм», каким является Франкофония для одного из ее идеологов Леопольда Сенгора. На французском языке с переводом. Вход свободный. Он родился в Марокко, ныне проживает в Нидерландах, окончил Французский лицей в Касабланке, Парижскую Национальную школу мостов и дорог с дипломом инженера, преподает науки об окружающей среде в Амстердамском свободном университете и пишет хроники в газету «Jeune Afrique». Его романы удостоены Гонкуровской премии новеллы в 2013 году, Гран-при премии Жана Жионо в 2014, в том же году Французская академия вручает ему Большую медаль франкофонии. Среди наиболее известных романов Ларуи — «Год среди французов» (Une année chez les Français), в котором автор, рассказывает историю мальчика по имени Мехди, принятого на учебу во Французский лицей в Касабланке. Автобиографические мотивы присутствуют и в «Злоключениях последнего Сижилмаси» (Les Tribulations du dernier Sijilmassi): инженер Сижилмаси, не находя удовлетворения в своем образе жизни, возвращается к истокам — в Марокко, свой родной край. Фуад Ларуи написал также несколько эссе, в том числе об исламе и лингвистической ситуации в Марокко. [фи]  ","2017-04-15 16:00:00","Французский институт","Невский пр., д. 12",59.93685900,30.31576900
11,"Презентация книги Александры Литвиной и Аси Десницкой «История старой квартиры» (М., «Самокат», 2017) [музей]  ","2017-04-18 17:30:00","Музей Ахматовой","Литейный пр., д. 53",59.93633200,30.34770400
12,"Презентация книги Михаила Александра ""Шесть экспедиций"". Вечер про путешествия: проза, стихи и фотографии. Урал, Крым, Алтай, Саяны. [кик]  ","2017-04-18 18:00:00","Книги и кофе","Гагаринская ул., д. 20",59.94467000,30.34321300
13,"Представление книги Юлии Яковлевой «Краденый город» (М., «Самокат», 2017). В вечере принимают участие Дмитрий Ермольцев, Наталия Соколовская, Юлия Яковлева. [музей]  ","2017-04-20 17:30:00","Музей Ахматовой","Литейный пр., д. 53",59.93633200,30.34770400
14,"Презентация книги А. Ласкина ""Дом Дягилевых"" (СПб, 2017). Новая книга петербургского писателя и ученого Александра Ласкина включает документальный роман «Долгое путешествие с Дягилевыми» и документальную повесть «Параллельное кино». На основании множества архивных материалов роман повествует об истории шести поколений одного из самых талантливых российских родов. В повести – воспоминании рассказывается о судьбе романа, награжденного Царскосельской премией и экранизированного на студии «Ленфильм». Впрочем, главная удача автора связана с тем, что благодаря интересу к Дягилевым, он подружился с историком балета Ю. Слонимским, режиссером В. Виноградовым и поэтом В. Кривулиным. Они и стали героями второй части книги. БУДЕТ ПОКАЗАН ДОКУМЕНТАЛЬНЫЙ ФИЛЬМ «НОВЫЙ ГОД В КОНЦЕ ВЕКА. НЕИЗВЕСТНЫЕ ДЯГИЛЕВЫ» (2 СЕРИИ; РЕЖИССЕР – ВЛАДИСЛАВ ВИНОГРАДОВ, АВТОРЫ СЦЕНАРИЯ – В. ВИНОГРАДОВ, А. ЛАСКИН, ОПЕРАТОР – И. БАГАЕВ, «ЛЕНФИЛЬМ», 2000). [музей]  ","2017-04-21 17:30:00","Музей Ахматовой","Литейный пр., д. 53",59.93633200,30.34770400
15,"Квартирник. Сибирской рифмой по яйцам интеллигентного пролетариата. в программе поэты: Евгений Петрушенко (г. Омск), Лёля Каучук (г.Новосибирск). [квартирник]","2011-09-19 18:00:00","Хостел На улице Ленина","Ленина, д. 29",59.96349400,30.30154000
16,"Чемпионат поэзии. Полуфинал. [чп]","2017-04-22 17:00:00","БИКЦИМ","Невский пр., д. 20",59.93630900,30.32122200
17,"Литературная гостиная ""Фонтанка 46. Иностранный акцент"". Сезон 2016-2017. Вечер 186 (30) Юлиан Фрумкин-Рыбаков. Творческий вечер. Новые стихи. Презентация книги прозы ""Летят перелётные птицы. Минувшее - век ХХ"". Премьера фото-фильмов ""Броня России"" и ""Стефан Данилевский - русский романс в Париже"". [маяковка]  ","2017-04-22 18:00:00","Библиотека Маяковского","Фонтанка, д. 46",59.93182800,30.34337500
18,"Творческий вечер проекта ""Парад кавалеров"". Награждение известных петербургских поэтов Павла Байкова и Петра Казарновского орденами Транснациональной Арт-Лиги современного изобразительного искусства и литературы ""Русский Авангард"", чтение стихов П.Байкова и П.Казарновского и др. Координатор проекта М.Мельников-Серебряков. Кавалеров наград просим приходить с орденами (для коллективного фото в исторический архив Арт-Центра). [арт-лига]  ","2017-04-22 19:00:00","Арт-центр Пушкинская, 10","Лиговский пр., д. 53",59.92913600,30.35933800
19,"Проект «Маршруты современной литературы: варианты навигации». Дискуссия «Креативные арт-пространства». Вечер ведут Мария Черняк, Светлана Друговейко-Должанская. [музей]  ","2017-04-28 17:30:00","Музей Ахматовой","Литейный пр., д. 53",59.93633200,30.34770400
20,"Литературная гостиная ""Фонтанка 46. Иностранный акцент"". Сезон 2016-2017. Вечер 187 (31). ""Что такое культурное обозрение?"" (Велика ли разница между хорошей журналистикой и плохой литературой? Что значит быть культурным обозревателем во времена, когда каждый сам себе обозреватель? ...) Беседу ведёт Дмитрий Тёткин, режиссёр, литератор, переводчик, преподаватель ораторского искусства. [маяковка]  ","2017-04-29 18:00:00","Библиотека Маяковского","Фонтанка, д. 46",59.93182800,30.34337500
21,"Макулатура. Концерт. перенесен с 26 марта, билеты действительны. [макулатура]  ","2017-05-02 19:00:00","MOD","Грибоедова, д. 7",59.93906800,30.32736700
22,"Виктор Калугин. Известный литературовед и публицист, автор книг «Герои русского эпоса» и «Струны рокотаху» и составитель поэтических сборников «Любовь – небес святое слово» и «Алексей Апухтин». Презентация поэтической антологии «Молитвы русских поэтов. XX-XXI». Во встрече примут участие петербургские поэты, чьи стихи вошли в сборник. [дом книги]","2011-09-19 18:00:00","Дом книги","Невский пр., д. 28",59.93584000,30.32586600
23,"Российская национальная библиотека. Петровское историческое общество. Генеральное консульство Королевства Нидерланды в Санкт-Петербурге. Программа ""ОКНО В НИДЕРЛАНДЫ"" К ВЫХОДУ В СВЕТ РУССКОГО ПЕРЕВОДА КНИГИ НИКОЛАСА ВИТЦЕНА ""СЕВЕРНАЯ И ВОСТОЧНАЯ ТАРТАРИЯ"". [библиотека]","2011-09-20 09:00:00","Российская национальная библиотека","Садовая ул., д. 18",59.93340200,30.33465200
24,"Творческий вечер Александра Кушнера. [музей]","2011-09-20 17:00:00","Музей Ахматовой","Литейный пр., д. 53",59.93633200,30.34770400
25,"К 70-летию со дня начала блокады Ленинграда представляем… Презентация уникального проекта «Сохрани мою печальную историю...: Блокадный дневник Лены Мухиной».В начале блокадной зимы Лена мечтала написать вместе с подругой книгу, «которую хотелось бы прочесть, но которой, к сожалению, не существует». Теперь эта книга существует и является свидетельством того, что в самое бесчеловечное время люди пытались сохранить свою человеческую сущность. Именно это сегодня и дарит нам надежду… На презентации будут показаны фотографии из альбома Лены Мухиной, а также отрывки из фильма Сергея Ларенкова «Блокадный альбом». Книгу представляют: писатель Наталия Соколовская («Азбука»), сотрудники Института истории РАН. [буквоед]","2011-09-20 18:00:00","Буквоед","Лиговский пр., д. 10",59.93268500,30.36262500
26,"Альманах ""Параллели судеб"" в ОКЦ на Пушкинской. ОТКРЫТИЕ СЕЗОНА, Концерт авторов альманаха в Большом зале. В первом отделении выступит поэт Иосиф Скарбовский наш автор и гость из Израиля. Второе отделение откроет Юрий Пейсахович. Состав участников концерта уточняется. В антракте - продажа номеров альманаха ""Параллели судеб"", книг и дисков наших уважаемых авторов. Планируется кофе-брейк. [параллели судеб]","2011-09-20 18:00:00","ОКЦ на Пушкинской, 9","Пушкинская, д. 9",59.92963700,30.35673200
27,"Презентация книги Катрин Колом «Замки детства» в переводе Ирины Мельниковой. (М.: Мировая культура, 2011). «Замки детства» – это роман о гибели европейской культуры, показанной на примере жизни одного швейцарского поместья. Катрин Колом (1892—1967) до мельчайших деталей воссоздает мир швейцарской провинции накануне мировых катастроф. После публикации романа в 1945 году даже самые избалованные и привередливые литературные критики обратили внимание на восхитительный язык книги и новаторство формы, поставив ""Замки детства"" в один ряд с выдающимися произведениями французской литературы – романами Гюстава Флобера и Марселя Пруста.. [порядок]","2011-09-20 18:30:00","Порядок слов","Фонтанка, д. 15",59.93619200,30.34304200
28,"Встреча с Алексеем Лушниковым. Презентация книги «Deja-vu политической весны». Известный проект Алексея Лушникова «Синие Страницы» сейчас переживает даже не второе, а пятое рождение. В 1999 году на свет появился одноименный ночной телеканал, а в 2007 году эстафету от него приняло «Ваше общественное телевидение!». Мы представляем первое издание «Хронологии Синих Страниц». «Я поставил перед собой и перед творческим коллективом проекта задачу сохранить голоса и мысли героев моих программ за все 15 лет телевизионной жизни. Это тысячи прямых эфиров, тысячи героев... В первой книге собраны самые жаркие споры и душевные беседы о главном из весенних программ «Особый взгляд» 2011 года. Почему на обложке французское deja-vu? Потому что иногда полезно прокрутить пленку назад, еще раз «переболеть» увиденным и задуматься над уроками многовековой и новейшей истории». (Алексей Лушников). [буквоед]","2011-09-20 19:00:00","Буквоед","Невский пр., д. 46",59.93477700,30.33356500
29,"Петр Пигаревский. Петр Валерьевич Пигаревский – научный сотрудник, доктор биологических наук, автор более ста научных работ, включая монографию и патенты на изобретения. В 2007 году в составе авторского коллектива он стал лауреатом престижной научной премии имени принца А.Ольденбургского. Большое место в жизни Петра Пигаревского занимает литературное творчество. Он участник двух конференций молодых литераторов Северо-Запада, состоял в поэтическом обществе “Молодой Петербург” при Союзе писателей России, автор двух книг стихов: “Одиночество” (2003) и “Коридор” (2005), с интересом воспринятых читателями и охарактеризованных критиками как коридор в неведомое. Петр Пигаревский неоднократно публиковался в хорошо известном в России и за рубежом литературно-художественном и публицистическом журнале “Рог Борея”, а также в ряде альманахов и сборников: “День русской поэзии”, “Ты гордость наша”, “Молодой Петербург”. Книгой “Теннисистка” автор выносит на суд читателей спортивный роман и рассказ из современной жизни молодых петербуржцев. В литературе немного произведений, где героями выступают спортсмены. Однако, по мнению автора мир спорта – это сжатая модель жизни. Спорт, как противоборство, конфликтен по своей сути и поэтому позволяет литератору наиболее полно раскрыть образы героев в самые острые и драматичные периоды их жизни. Вашему вниманию представлена история девочки-сироты с редким теннисным талантом. После случайной встречи с тренером Кротовым ее судьба резко меняется. Теперь она должна постоянно бороться на теннисном корте и за его пределами, чтобы победить и превратиться из “гадкого утенка” в прекрасного “лебедя”. Все против нее: руководство детского дома, богатые сверстники-теннисисты, около спортивная мафия. Сумеет ли она преодолеть то, что кажется непреодолимым? Настоящая повесть – не только спортивная, но и психологическая драма. Напряженный “триллерный” сюжет – не самоцель. Он помогает понять читателю, что главным в жизни является не достижение успеха любой ценой, а воспитание в себе способности оставаться человеком даже в самых безнадежных ситуациях. Герой рассказа “Последняя игра” выдающийся шахматист Алексей. В какой-то момент он теряет в своей жизни все. Однако, сила духа, человечность, помноженные на талант, позволяют ему, не думая о себе, сражаться со злом. Роман и рассказ написаны живо и увлекательно, а главное – несут большой заряд доброты и душевной энергии. По мнению известного литератора, члена Союза писателей России Олега Юркова книга Петра Пигаревского обречена на читательский успех. [лавка]","2011-09-21 12:00:00","Книжная лавка писателя","Невский пр., д. 66",59.93375800,30.34200900
30,"<НЕНАПИСАННАЯ АВТОБИОГРАФИЯ>: презентация не публиковавшейся ранее прозы, дневников, писем Виктора Конецкого. Гости — Андрей Битов, Михаил Кураев, Юрий Рытхэу, Дмитрий Каралис, Татьяна Акулова-Конецкая и др.","2006-12-22 20:00:00","Буквоед","Лиговский пр., д. 10",59.93268500,30.36262500
31,"Своя комната. в /своей комнате/ книжного магазина «Борхес» выступят шесть молодых питерских поэтов. Приглашаем прийти на вечер послушать поэзию в /своём/ тесном кругу. «Литература словно паутина — пусть легче легкого, но привязана к жизни, ко всем ее четырем углам». — Вирджиния Вулф. /Свои/ поэты вечера: Люба Голубева, Тимофей Дунченко, Люба Лебедева, Никита Миронов, Андрей Нитченко, Елена Шаталина. Вечер ведёт Иван Соколов. Вход свободный. [Борхес]","2011-09-21 18:00:00","Борхес","Невский пр., д. 32-34",59.93551100,30.32903700
32,"Вера Бурдина презентует свой поэтический сборник «Мой Ямбург». [лавка]","2011-09-21 18:00:00","Книжная лавка писателя","Невский пр., д. 66",59.93375800,30.34200900
33,"Литературные чтения: презентация книги А. Олень и Н.Плотниковой. «Говорят, в Ленинградской области деревня есть — Осиново. Вокруг нее топкие болота и дремучий лес расположены. Люди там нередко пропадают — то ли засасывает их топь болотная, то ли теряются они в лесу густом. Деревья в том лесу плотно друг к другу растут, будто тайну какую за собой прячут, а стволы их настолько толстые, что даже три мужика, за руки взявшись, не могут их обнять. Многими сказами да легендами деревня обросла, не разберешь — где правда, а где вымысел»... Приглашаем почитателей народно-мистических рассказов на чтения дебютной книги «Осиново» Анастасии Олень и Натальи Плотниковой! Если вы любите мрачные деревенские истории, если вас будоражат и влекут рассказы про колдовство, ведьм и загадочные культы — те самые, что передаются из уст в уста поздними вечерами, в полутьме, при волнующем свете пламени свеч, — то ждём вас на нашем мероприятии. Во время перфоманса мы создадим атмосферу для полного погружения в мир книги — при соответствующем приглушенном освещении и музыкальном сопровождении Анастасия Олень прочитает рассказы из новой книги и поведает вам истории из жизни небольшой деревни Осиново, в которой зачастую происходят не поддающиеся никакому объяснению события. А верить им или нет — решать вам. Книга основана на реальных событиях, происходивших в Ленинградской области... [миракл]  ","2017-04-16 17:00:00","Миракль","Мошков переулок, д. 4",59.94331400,30.32180600
34,"Презентация сетевого издания «Ф.М.ДОСТОЕВСКИЙ. АНТОЛОГИЯ ЖИЗНИ И ТВОРЧЕСТВА» (www.fedordostoevsky.ru). Издание представляет его главный редактор член Союза журналистов России Сергей Рублев (Москва). Презентуемое интернет-издание является на сегодняшний день наиболее полным и авторитетным сводом разнообразных материалов, посвященных Ф.М.Достоевскому На сайте в формате PDF представлены электронные копии большей части прижизненных изданий произведений Достоевского — журнальные публикации, отдельные издания, сборники и собрания сочинений, а также наиболее важные посмертные издания, включая такие уникальные, как 1-й том «Бесов» (М.: Academia, 1935) электронная копия «каторжного» Евангелия Достоевского, полнотекстовые электронные копии важнейших биографических трудов о Достоевском, включая все книги серии ЖЗЛ (Л.Гроссмана, Ю.Селезнева, Л.Сараскиной), «Летопись жизни и творчества Ф.М.Достоевского», исследования И.Волгина, В.Нечаевой, Б.Тихомирова и др., энциклопедические материалы об окружении писателя; свод воспоминаний о Достоевском (включая малодоступные первые публикации) и т.п., тексты монографий, сборников, статей, посвященных изучению наследия Достоевского, включая прижизненную критику, а также своды публикаций в журнале «Русская литература», сборниках ИРЛИ РАН «Достоевский: материалы и исследования», альманахе «Достоевский и мировая культура» и др., описания важнейших архивохранилищ, содержащих автографы Достоевского и др. документы; полнотекстовая электронная копия «Описания рукописей Ф.М.Достоевского» (М., 1957); Библиографический указатель «Музей памяти Ф.М.Достоевского», составленный А.Г.Достоевской (1906) и др., вся прижизненная иконография Достоевского, сопровожденная аналитическими статьями, своды иллюстраций к произведениям Достоевского, сведения о музеях Достоевского в России и Казахстане и др. Регулярно публикуются НОВОСТИ, посвященные событиям в России и мире, связанным с именем Достоевского. Сайт регулярно пополняется новыми материалами; ряд рубрик находится в процессе формирования; уточняется и корректируется структура сетевого издания. Главный редактор Сергей Рублев ждет от пользователей сайта вопросов, предложений, критических замечаний. Вход по регистрации: https://dostoevskymuseum.timepad.ru/event/474338/ Контакт: 8 921 977 43 00, Dostoevsky.museum@gmail.com [мд]  ","2017-04-17 15:00:00","Музей Достоевского","Кузнечный пер., д. 5/2",59.92730100,30.35093800
35,"Презентация книги Ирины Словцовой «Отцовский почерк». В презентации примут участие музыканты Кирилл Ошурков (гитара) и Татьяна Кононова (фортепиано). Вход свободный/ [vfzrjdrf]","2017-04-17 17:30:00","Библиотека Маяковского","Фонтанка, д. 46",59.93182800,30.34337500
36,"Открытие выставки «ГОРОДСКИЕ АЗБУКИ АЛЕКСАНДРА ФЛОРЕНСКОГО». В 2011 году вместе с иерусалимским поэтом Михаилом Королем известный петербургский художник Александр Флоренский нарисовал и издал книгу «ИЕРУСАЛИМСКАЯ АЗБУКА». Во время работы над этой книгой художник подумал о дальнейшем развитии этой идеи – сделать что-то вроде серии авторских путеводителей по любимым городам и странам. К настоящему моменту Александром Флоренским созданы и изданы «ТБИЛИССКАЯ АЗБУКА», «ПЕТЕРБУРГСКАЯ АЗБУКА», «ВОРОНЕЖСКАЯ АЗБУКА», «ЧЕРНОГОРСКАЯ АЗБУКА», «НЬЮ-ЙОРКСКАЯ АЗБУКА», «ПУТЕШЕСТВИЕ ИЗ МУРМАНСКА В КИРКЕНЕС», в процессе печати находятся «КИЕВСКАЯ АЗБУКА» и «ОДЕССКАЯ АЗБУКА». На выставке в Библиотеке книжной графики представлены оригиналы иллюстраций и изданные книги-путеводители художника. Выставка продлится до 6 мая 2017 года. Вход свободный. График работы выставки: пн.-пт.: 12.00-20.00 сб.: 10.00-18.00 вс.: выходной 1 мая выходной день [бкг]  ","2017-04-17 18:00:00","Библиотека Измайловская","7-ая Красноармейская ул., д. 30",59.91144400,30.30881600
37,"Встреча с Владимиром Слабинским. Презентация книги «С.-Петербургъ: хроники иномирья». Четырнадцать историй о приключениях в альтернативном Петербурге, где магия научна в той же мере, как магична наука в нашем мире. Однако, это не фэнтази. Жанр книги — роман-инициация. Образованный читатель найдет второй, и, возможно, третий смысловой уровни, на которых самая смелая фантазия оказывается историческим фактом. [буквоед]","2011-09-21 19:00:00","Буквоед","Лиговский пр., д. 10",59.93268500,30.36262500
38,"В рамках семинара «Литература как опыт и проблема» в 155-й аудитории состоится презентация / обсуждение книги Д. В. ПАНЧЕНКО. Гомер, «Илиада», Троя. – СПб.: Изд-во Европейского университета в СПб., 2016. Приглашаются все желающие. Не забудьте захватить удостоверение личности! [соб. инф.]  ","2017-04-18 17:30:00","Смольный институт свободных искусств и наук","Галерная ул., д. 58-60",59.93035400,30.28510100
39,"""Что в сердце я ношу"" (А. Ахматова). Вечер прозы и поэзии. Выступят: Наталия Розен, Марина Балуева, Виктория Черножукова, Надежда Кузнецова, Нина Савушкина, Светлана Забарова, Сюзанна Кулешова. [дп]  ","2017-04-18 18:00:00","Дом писателя","Звенигородская ул., д. 22",59.91864300,30.34141600
40,"Игры Коншакова. [ик]","2017-04-18 18:00:00","Police station","Невский пр., д. 90-92Б",59.93236000,30.35306700
41,"Ес Соя [билеты: http://soyabis.eventmag.ru]","2017-04-18 19:00:00","Ящик","Лиговский пр., д. 50, корп. 13",59.92341400,30.36220300
42,"КАК ПРОЩАЮТСЯ С ИСТОРИЕЙ? – «Дни убывающего света» Ойгена Руге. Дискуссия с участием автора. Модератор: Олег Никифоров, гл. редактор издательства «Логос» (Москва). На немецком и русском языках. При поддержке Гёте-института. Вход свободный, по регистрации: akadnikova@eu.spb.ru Роман немецкого писателя Ойгена РУГЕ «Дни убывающего света» – это сложно монтированный роман-свидетельство, составленный из 20 фрагментов внутренней речи как «философский роман» себя не заявляющий, но, скорее, предъявляющий своей художественной сборкой «феноменологии» индивидуальной (по-разному типических индивидов) отстраненности от большой Истории (в этом случае, на материале субъективных рецепций распада «социалистической реальности (в) ГДР»). Голосами различных нарраторов (представителей 4 разных поколений семьи автора – «деда Вильгельма» и «бабушки Лотти» (действительных «бойцов Коминтерна»), «отца Курта» (действительно «одного из наиболее продуктивных историков (рабочего движения) в ГДР» и пр.) роман передает разные модусы переживания “конца Истории”, опыта не-выпадения из нее; некоторым образом являясь параллельным тому же “Концу красного человека” Алексиевич – только жестче (в менее «исповедальной» и более аналитичной», если угодно – “мужской версии”) и с живым “черным юмором” – ответом на вопрос “почему ГДР было обречено распасться?”... [еу]  ","2017-04-19 12:00:00","Европейский университет","Гагаринская ул., д. 3",59.94797800,30.34137100
43,"ЛИТО «Ротонда»: выступление поэта Юлии Осиповой. [соб. инф.]","2017-04-19 18:00:00","ДК Шелгунова","Шамшева ул., д. 8",59.96033600,30.30084800
44,"Царь Книга Царя Ивана Грозного. У многих народов есть свои главные книги: “Бхагавад-Гита” у индусов, “Пятикнижие Моисея” у евреев, у греков – “Илиада” и “Одиссея”. А есть ли такая книга у русских? Сразу, приходит на ум “Слово о полку Игореве” или “Повесть временных лет”… В XVI веке была создана еще одна книга, которую можно без сомнений назвать “главной русской книгой”. Это Лицевой летописный свод (ЛЛС). Лицевым он называется потому, что летописные события отражены в больших красочных миниатюрах, в которых мы видим тысячи образов людей в лицах. Летописный – потому, что историческое повествование охватывает десятки, сотни и даже тысячи лет. Возникновение и гибель целых государств, жизнь царей, народов и их героев – все это мы находим в летописях. А свод – потому, что здесь не одна и не две, а десятки летописей, соединенных в единое эпохальное повествование, которое можно по праву назвать великой историей всего человечества. Вплоть до XVII века летопись в культуре Древней Руси была определяющим видом литературы: не существовало любовной поэзии, романов или театральных пьес. Литература тогда воспринималась как занятие особой серьезности и значимости, можно сказать, государственной важности. Дух летописи, историзма царил в воздухе Руси того времени. Особенно это усилилось во время образования и централизации русского государства вокруг Москвы, в XV и XVI веках. Московские Великие князья и цари, в первую очередь, обращались к летописи, и там искали оправдания многим своим политическим решениям. Это придавало летописным сказаниям, которые, не всегда были строго “историчны”, особый вес в глазах, как правителей, так и народа, убежденного в истинности и правоте совершаемых поступков. Летопись приобретала значение государственной важности и выражала национальную специфику русской средневековой культуры. Причем нередко исторические персонажи и даже события были вымышлены. Вымысел умело вплетался в вязь реальных событий и исторических личностей, его “истинность” не подвергалась сомнению. Сегодня историкам не просто выявить “подлинную” историческую реальность описанных в летописях событий. Ведь сих пор идут жаркие споры даже по таким известным событиям, как Ледовое побоище или Куликовская битва. Так сами летописи становились инструментами, определяющими развитие истории. Все сказанное позволяет сделать вывод о том, что такое монументальное явление, как ЛЛС был задуман и осуществлен с самыми серьезными намерениями. Это была не просто очередная летопись, это “летопись всех летописей”, свод летописей, туда постарались включить всё самое существенное для “идеального” русского государства, которое в тот момент создавал в Московии Иван Грозный. Вечер ведёт Игорь Вишня [дп]  ","2017-04-19 18:00:00","Дом писателя","Звенигородская ул., д. 22",59.91864300,30.34141600
45,"Вечер поэзии Юрия Берсенева. [библиотека]","2011-09-22 15:00:00","Библиотека им. Пушкина Петроградского района","Большой проспект П. С., д. 73",59.96520500,30.31153800
46,"Владимир Горохов выступит с долгожданным концертом в Северной столице. За спиной Владимира три высших образования, три выпущенных сборника стихов и сотни тысяч просмотров на YouTube. В своих с виду простых стихах он всегда выходит за рамки принятого. Созданный им образ простака совершенно расходится с Владимиром Гороховым в жизни. Интеллигентный, умный и приятный, поэт намеренно использует заезжанные, застрявшие в сознании фразы и слова. Но в то же время эти строки идут прямо из сердца, это главное, что ценят люди в искусстве. Его стихи всегда несут в себе терабайты оптимизма, жизненной наблюдательности, мудрости и искренности. Можно прочитать все стихи Горохова, но лучше хотя бы один раз услышать их в исполнении автора. Незабываемые впечатления гарантированы! 19 апреля, 20:00 | Клуб ЯЩИК | Лиговский пр., 50, кор. 13 | 964-96-37 Билеты от 300 рублей в кассе клуба, на https://ticket.timepad.ru/event/472303/ и во всех салонах Евросеть и Связной. [я]  ","2017-04-19 19:00:00","Ящик","Лиговский пр., д. 50, корп. 13",59.92341400,30.36220300
47,"Лекция доктора филологических наук, профессора А. В. Успенской «Бессмертная улыбка поэта», посвященная 80-летию со дня рождения Беллы Ахмадулиной (1937-2010). [абрамовка]  ","2017-04-20 14:00:00","Библиотека Абрамова","Ивановская ул., д. 14",59.87455300,30.44242300
48,"Встреча с писателями-фантастами Николаем Романецким и Светланой Васильевой. Николай Романецкий - русский писатель-фантаст, переводчик, автор циклов «У мертвых Кудесников длинные руки», «Экспансия» и других произведений, член семинара Бориса Стругацкого и ответственный секретарь журнала «Полдень. XXI век». В 2007 году Николай Романецкий стал лауреатом премии имени Александра Беляева за цикл статей «Писатели говорят о науке и прогрессе», в 2010 году — лауреатом Международной литературной премии имени А. и Б. Стругацких за сборник интервью «Тринадцать мнений о нашем пути» (2009). Светлана Васильева опубликовала первый рассказ «Предсказание» в 1998 г. в альманахе «Клад». В том же году начала посещать Студию фантастики Андрея Балабухи (ныне Литературная студия А. Балабухи и Л. Смирнова). С 2000 по 2007 год исполняла обязанности старосты названной студии. Участвовала в межавторских проектах «Мир пауков», «Мир Иеро», «Боярская сотня». Рассказы и очерки печатались в журналах «Полдень, XXI век», «Реальность фантастики», «Наш следопыт», антологии «Славянское фэнтези». Действительный член семинара Бориса Стругацкого. Член Союза писателей Санкт-Петербурга. [лермонтовка]  ","2017-04-20 17:30:00","Библиотека Тимирязева","Шкапина, д. 6",59.90766300,30.29694100
49,"Презентация книги Антона Погребняка ""На ощупь"". [домпис]  ","2017-04-20 18:00:00","Дом писателя","Звенигородская ул., д. 22",59.91864300,30.34141600
50,"Творческий вечер поэта и переводчика Николая Голя. Николай Голь родился в Ленинграде 17 апреля 1952 года. Поэт, переводчик, исторический публицист, автор книг для детей. В последние годы пишет в основном либретто для детских музыкальных театров. Произведениям этого несколько маргинального жанра, а также каламбурам и тавтограммам, жанрам маргинальным не менее, и посвящен вечер, справедливо названный автором «Маргинальное». Посильную помощь выступающему окажет поэт, режиссер и актер Иван Стависский. [вена]  ","2017-04-20 18:00:00","Старая Вена","Гороховая ул., д. 8",59.93566000,30.31170000
51,"Презентация книги Роберта Антона Уилсона «Секс, магия и психоделия». Книгу представит переводчик — Андрей Синельников. Вход свободный. «Sex, Drugs and Magick: A Journey Beyond Limits» была самой первой книгой, которую Р. А. Уилсон написал, сведя воедино уморительные истории из собственной жизни и жизни своих знакомых в бурный период психоделической революции в Штатах и добросовестные исследования в области секса, наркотиков и оккультизма – тех тем, к которым он много раз возвращался в последующих произведениях. Для подобных произведений в России часто встаёт проблема, связанная с переводом: многие переводчики, даже имея солидные филологические регалии, при работе с относящейся к контркультуре литературой откровенно пасуют, потому что не особо сталкивались с предметом книги в жизни. Этот перевод — уникальный случай, когда за дело берётся представитель контркультуры со схожими интересами, схожим опытом, квалификацией и мировоззрением, в сложных случаях обращаясь к духу автора посредством специальных инструментов и методов, о некоторых из которых речь идёт в самой книге. Уникальность подхода Уилсона в том, что он старается занять позицию максимально неангажированного наблюдателя. Того человека, который взвешивает все доступные ""за"" и ""против"" и вместо оголтелой пропаганды представляет взгляд на вещи, который бы приближался к истине насколько это возможно. Честно предупреждая, например, что как бы ни приятны были кокаиновые оргии, зависимость отнюдь не надумана, а последствия могут быть совершенно непредсказуемы. Данную книгу РАУ в особенности отличает великолепное сочетание отсутствия ханжества и добрейшее чувства юмора: кажется, ко всему, от тантры до культов ЛСД и группового секса, от программирования сознания до истории тайных обществ ассасинов и иллюминатов, он относится с доброжелательным интересом и стремлением разобраться, что в этом может быть стоящего, а что пустякового. Собственно, практически вся книга благодаря большой исследовательской работе, проделанной автором, остаётся вполне актуальной и сегодня. [все свободны]  ","2017-04-20 18:00:00","Все свободны","Мойка, д. 28",59.93880200,30.31997300
52,"Большой поэтический фестиваль. Билет участика - 250 р., билет зрителя - 100 р. [этажи]  ","2017-04-20 18:00:00","Лофт-проект Этажи","Лиговский пр., д. 74",59.92202100,30.35552000
53,"Презентация коллективной монографии «Медиафилософия ХII. Игра или реальность? Опыт исследования компьютерных игр» (СПб.: Фонд развития конфликтологии, 2016). Книгу представят сотрудники Лаборатории исследований компьютерных игр (ЛИКИ): Константин Шевцов, Александр Ленкевич, Маргарита Скоморох, Алина Латыпова, Андрей Муждаба, Сергей Буглак, Константин Очеретяный и редактор издания Валерий Савчук. Лаборатория исследований компьютерных игр (ЛИКИ) Центра медиафилософии СПбГУ выпускает второй том исследований. Первый том — «Медиафилософия X. Компьютерные игры: стратегии исследования» (2014) — вызвал закономерный интерес у аналитиков игр и игрового сообщества. Настоящая монография, продолжая поиск адекватного инструментария аналитики компьютерных игр и связанных с ними изменений в культуре, обществе, медиареальности, является результатом междисциплинарного исследования: игры в ней рассматриваются с позиций философии, социологии, права, культурологии, геймдизайна и др. В монографии ставятся задачи определить новые формы рациональности, связанные с компьютерными играми, раскрыть трансформации субъективности и телесности геймера, представить игру как инструмент моделирования и конституирования социальной реальности, а также выделить этические, экономические, правовые и социальные аспекты формируемой компьютерными играми действительности. В книге освещаются и такие знаковые явления, как newsgames, мазокор, notgames и глитч-арт. Авторы убеждены, что опыт исследований компьютерных игр может быть полезен не только представителям гуманитарных наук, но и геймерам. Книга рассчитана как на исследователей компьютерных игр, так и на самый широкий круг неравнодушных к играм читателей. [пс]  ","2017-04-20 18:30:00","Порядок слов","Фонтанка, д. 15",59.93619200,30.34304200
54,"Приморская. Презентация сборника поэзии «Огни Гавани». [библиотека]","2011-09-22 16:00:00","Библиотека Ломоносова","Нахимова, д. 8/3",59.94273200,30.23555000
55,"Встреча с писателем Петром Алешковским. [маяковка]","2017-04-21 18:00:00","Библиотека Маяковского","Фонтанка, д. 44",59.93230600,30.34373400
56,"Шоу драматургов» - представление новых имен петербургской драматургии в рамках проекта «Вечера современной петербургской драматургии». В 2012 году в ходе размышлений о том, какие жанры литературных произведений наименее знакомы читателям, родился проект «Вечера петербургской драматургии». Проект обрел форму сценических читок в виде эскиз-спектакля с участием актеров, с режиссерской проработкой и репетиционным процессом, иногда с костюмами. Драматурги впервые видели свои пьесы в исполнении актеров и в прочтении режиссера и могли по-новому оценить их достоинства и недостатки. Не менее интересной частью вечера становилось обсуждение увиденного. С 2012 г. было показано 15 спектаклей. Многие представленные произведения после первого показа начали свою самостоятельную жизнь. В Библионочь 2013 г. состоялось первое «Шоу драматургов» с участием восьми опытных авторов. Очередное Шоу драматургов познакомит с новыми авторами. Работы молодых драматургов помогут представить актеры Академического театра им. Ленсовета под руководством народного артиста России Олега Левакова. Драматургическая мастерская при Санкт-Петербургском отделении Союза театральных деятелей РФ представит работы Андрея Демьяненко, Жанар Кусаиновой, Дмитрия Шаховского. В «шоу» примут участие выпускники и студенты факультета театра кукол Российского государственного института сценических искусств, начавшие писать пьесы для театра: Анна Бесчастнова, Чакчи Фросноккерс, Никита Шмитько. Ведущий вечера – драматург Андрей Зинчук. [маяковка]  ","2017-04-21 20:00:00","Библиотека Маяковского","Фонтанка, д. 44",59.93230600,30.34373400
57,"Фестиваль свободного стиха. В этом году фестиваль посвящается Геннадию Ивановичу Алексееву (1932-1987) в связи с 85-летием со дня рождения и 30-летием со дня смерти. Сообщения: Эльяшевич и Мирзаев о Г. Алексееве. Андрей Полонский о дневниках Геннадия Алексеева. Чтения: 1. Анастасия Романова 2. Сергей Ташевский (Москва) 3. Андрей Филимонов (Москва) 4. Алексей «Брахман» Яковлев (Москва) 5. Андрей Полонский 6. Евгений Мякишев 7. Майя Шереметева (Новосибирск) 8. Михаил Сапего 9. Юлия Андреева 10. Евгений Лукин 11. Ольга Туркина 12. Наталия Троицкая 13. Александр Гальпер (США) 14. Евфросиния Капустина 15. Ирина Рашковская (Слепая) 16. Владислав Черейский 17. Джордж Гуницкий 18. Алла Зиневич 19. Антон Погребняк 20. Дмитрий Северюхин 21. Марат Исенов 22. Татьяна Данильянц (Москва) 23. Лариса Йоонас (Кохтла-Ярве, Эстония) 24. Владимир Пряхин (Тула-Москва) 25. Сергей Ковальский 26. Евгения Коробкова (Москва) 27. Ольга Попова 28. Артем Верле (Псков) 29. Кузьма Курвич (Александр Светличкин) (Самара) Заочно: Иерей Владимир Воронцов. [верфест]  ","2017-04-22 11:00:00","Музей Державина","Фонтанка, д. 118",59.91903100,30.30991200
58,"Фестиваль свободного стиха. В этом году фестиваль посвящается Геннадию Ивановичу Алексееву (1932-1987) в связи с 85-летием со дня рождения и 30-летием со дня смерти. 23 апреля 12.00 ПЕРЕВОДЫ Лукин Евгений Перекличка через столетие: военные верлибры Исаака Розенберга и Брайана Тернера. Александр Гальпер Переводы Чарльза Буковского и Томаса Фукуролы (английский) и Юрия Андруховича (украинский). Елена Лагутина Из сборника Михала Айваза ""Убийство в отеле ""Интерконтинеталь"". Ольга Логош. Миниатюры Барбары Грушки-Зых (переводы с польского языка. Арсен Мирзаев читает тексты современного шведского поэта Мальте Перссона в переводах Надежды Воиновой. 15.00. Продолжение чтений. 1. Арсен Мирзаев читает стихи Софии Камилл 2. Дмитрий Чернышев 3. Алексей Кияница 4. Дарья Суховей 5. Алексей Шепелев (Московская обл.) 6. Виктор Самойлов 7. Баир Дугаров (Улан-Удэ) 8. Алексей Афонин 9. Михаил Мельников-Серебряков 10. Елена Пестерева (Москва) 11. Ася Шнейдерман 12. Настя Денисова 13. Татьяна Грауз (Москва) 14. Юрий Орлицкий (Москва) 15. Анна Орлицкая (Москва) 16. Дмитрий Григорьев 17. Арсен Мирзаев 18. Валерий Земских 19. Валерий Мишин 20. Тамара Буковская 21. Станислава Могилёва 22. Борис Шифрин 23. Ольга Логош 24. Борис Констриктор 25. Михаил Парамонов 26. Ольга ИГНАТЬЕВА [верфест]  ","2017-04-23 11:00:00","Музей Державина","Фонтанка, д. 118",59.91903100,30.30991200
59,"Поэт без усов. Новая бескомпромиссная программа. Стихотворения с грядущего альбома. Радикальная видеоинсталляция. Специальные гости. [соб. инф.]","2017-04-23 19:00:00","VinillaSky","Саперный переулок, д. 16/36",59.94109600,30.35985900
60,"творческий вечер ""Стихотворения чудный театр…"" В рамках Года экологии проведет театрально-кинематографический поэтический вечер. Мероприятие проводится в рамках Года Экологии и городского фестиваля ""Петербургские разночтения"". К участию приглашаются слышащие поэты и владеющие языком жестов люди с потерей слуха. В его рамках будет предпринята попытка записать на камеру совместную декламацию стихотворений, посвященных природе, в виде языка жестов и пантомимы вместе с речью. Записаться можно по тел. (812) 252-72-89 или ВКонтакте https://vk.com/timiriazevka Участие бесплатное. [лермонтовка]  ","2017-04-25 17:00:00","Библиотека Тимирязева","Шкапина, д. 6",59.90766300,30.29694100
61,"Презентация романа А. Ласкина ""Мой друг Трумпельдор"". Документальный роман Александра ЛАСКИНА ""Мой друг Трумпельдор"" опубликован в №4 журнала ""Нева"" и в ближайшее время выходит в московском издательстве ""Книжники"". Вот некоторые отзывы на эту книгу: ""Казалось бы, об Иосифе Трумпельдоре сказано столько пафосного, что уже не произнести ни одного искреннего слова. Тем удивительней появление романа Александра Ласкина. Такие книги пишутся тогда, когда холодный прищур сменяется живым взглядом — и в паутине времени проступают потрясающие душу и разум сюжеты."" (Михаил Гончарок, писатель и историк (Иерусалим)). ""Александр Ласкин лепит образ Трумпельдора, героя двух народов и нескольких войн начала ХХ века, речью его друга, полной сомнений, внутреннего драматизма и заслуженной влюбленности. В результате получается вполне человеческого масштаба фигура, образ близкий любому, даже нашему негероическому времени."" (Валерий Черешня, поэт (Санкт-Петербург—Нью-Йорк))"" В жизни любого человека есть высокие минуты и минуты слабости. Очень важно, куда навести телескоп. Сегодня его фокусируют ниже пояса. Или еще ниже. В своей книге Александр Ласкин ведет разговор с читателем на уровне глаз и сердца. Он возвращает нам добрый и счастливый мир мужества, высоких чувств и чистой высоты. А сегодня сие такая редкость, что лишь за одно это уже стоит прочитать его книгу."" (Яков Шехтер, писатель, Холон) КНИГУ ПРЕДСТАВИТ АЛЕКСАНДР ЛАСКИН. ВЕДУЩИЙ ВЕЧЕРА БОРИС ГРИГОРИН [еоц]  ","2017-04-25 17:30:00","Еврейский общинный центр","Рубинштейна, д. 3",59.93200800,30.34539600
62,"Презентация книги. Александр Рубашкин «Заметки на полях жизни» (СПб., ИД «Петрополис», 2011). [музей]","2011-09-22 17:00:00","Музей Ахматовой","Литейный пр., д. 53",59.93633200,30.34770400
63,"Встреча с Эллендеей Проффер Тисли. Встреча посвящена выходу книги Карла Проффера «Без купюр», поговорим об издании книг русских писателей во время холодной войны. В сборник вошли никогда ранее не публиковавшиеся на русском языке очерки «Литературные вдовы России» — беседы Карла Проффера с женами великих русских писателей XX века: Надеждой Мандельштам, Лилей Брик, Еленой Булгаковой, Любовью Белозерской, Тамарой Ивановой, а также его «Заметки к воспоминаниям об Иосифе о Бродском». Вход свободный. [пи]  ","2017-04-25 18:00:00","Магазин Подписные издания","Литейный пр., д. 57",59.93478600,30.34768600
64,"Презентация книги Аллы Гербер «А жизнь была прекрасная! Разговоры с Еленой Тришиной» (Оперант, 2017). «А жизнь была прекрасная!» — это книга, основанная на диалогах Аллы Гербер и Елены Тришиной: «Это просто разговоры, в которых есть все: воспоминания, размышления, высокая исповедальность. В этих долгих и подробных разговорах литератора и общественного деятеля Аллы Гербер с журналистом Еленой Тришиной перед нами встает картина мира между сороковыми годами прошлого века и веком нынешним. С московским двором и ташкентским двориком за дувалом, войной и папиной ссылкой, журналом „Юность“ и театром Петра Фоменко, борьбой с антисемитизмом и депутатством в Государственной думе. Прежде всего, перед нами — очень искренняя женщина: она препарирует историю своей жизни, обнажая в этой книге то, что некоторые люди никому никогда не рассказывают». Алла Гербер — писательница, кинокритик, политический и общественный деятель, правозащитница, одна из участников и организаторов Гражданского форума. [пс]  ","2017-04-25 18:30:00","Порядок слов","Фонтанка, д. 15",59.93619200,30.34304200
65,"Государственный литературный музей «ХХ век» представляет: лекция Андрея Россомахина «Фонтан» Дюшана: 1917–2017. К 100-летию главного шедевра века: проблемы авторства, критики, интерпретации (и не только). Скандальный реди-мейд Марселя Дюшана — перевёрнутый писсуар под названием «Фонтан», так и не выставленный в апреле 1917 года, но зафиксированный на фотографии Альфреда Стиглица, опубликованной в нью-йоркском журнале «Слепец» — стал своеобразным символом искусства ХХ века. Этот не экспонировавшийся chef-d’œuvre, вероятно, вскоре был выброшен на свалку, но спустя сорок пять лет, будучи общепризнанным мэтром, Дюшан сделал несколько повторений «Фонтана»; при этом автору приписывается саркастическая реплика: «Я швырнул им в лицо полку с писсуаром, и теперь они восхищаются его эстетическим совершенством». В 2004 году по результатам опроса пятисот наиболее влиятельных художников, критиков, музейных кураторов, дилеров и галеристов «Фонтан» возглавил ТОП-5 важнейших произведений ХХ века, оказавших наибольшее влияние на развитие мирового искусства… Как Дюшан вышел в гении? Почему перевёрнутый писсуар оказался «важнее» революционных достижений Пикассо, Матисса, Малевича, Кандинского, Уорхола? В чём смысл заглавия этой работы? Кто может претендовать на соавторство? Какие скандалы сопровождают дюшановский шедевр в наши дни? Как «Фонтан» апроприирован арт-сообществом? В лекции Андрея Россомахина, приуроченной к столетию дюшановского жеста, будет дан обзор фонтановедческой традиции и сопутствующих проблем. [музей]  ","2017-04-26 17:30:00","Музей Зощенко","Малая Конюшенная ул., д. 4/2",59.93794100,30.32628900
66,"Встреча с писателями-фантастами Александром Тишининым и Иаром Эльтеррусом. Александр Тишинин – известный фантаст, переводчик, прозаик. В 1983 создал клуб фантастики «Мираж», участвовал в работе клуба «Миф-XX» при Ленинградском Дворце молодежи. Принят в семинар Б.Стругацкого.В 1986 году организовал первое в СССР официально зарегистрированное Литобъединение вне союза писателей — «Метод 87». Издал первую книгу Желязны на русском, работал редактором, переводчиком, составителем, художником. С 2002-2008 года главный редактор издательства «Северо-Запад». Автор ряда научно-популярных книг прикладного направления. За серию книг «Мир вокруг нас» подготовленную А.Тишининым (А.Лидиным) в 2011 году издательство «Северо-Запад» получило Беляевскую премию. Награжден памятной Чеховской медалью и Почетной грамотой от Министерства связи и массовых коммуникаций российской федерации «За значительный вклад в развитие отечественной словестности и поддержку современного литературного процесса в России». Иар Эльтеррус - российский писатель-фантаст, автор произведений в жанре фэнтези. В период 1992-1994 гг. писатель стоял во главе издательства «Даймон». Карьеру писателя начал в 1999 году, издаваться – с 2006 года. Работы писателя отличаются реалистичными и невероятно интересными сюжетными линиями. Например, роман «Отзвуки серебряного ветра» посвящен вопросу выбора между честью и жизнью. Не менее интересен роман автора «Безумие бардов», где по сюжету смешались пространства и времена, и ответственные герои обязаны изменить ситуацию, невзирая на цену, которую они за это заплатят. [лермонтовка]  ","2017-04-27 17:00:00","Библиотека Тимирязева","Шкапина, д. 6",59.90766300,30.29694100
67,"Творческий вечер Дмитрия Вересова, прозаика, переводчика, сценариста, автора романов-циклов «Чёрный ворон», «Легенды о любви», «Анна и её мужья», «Путники». Дмитрий Александрович Вересов – писатель, переводчик, сценарист, человек разнообразных литературных дарований. Переводил произведения Эдгара По, Дэшила Хэммета, Гарри Тертлдава, Эллери Куина и других англо-американских писателей. Широкому читателю известен, прежде всего, благодаря семейной саге «Черный ворон», которая легла в основу одноименного телесериала. Со времени своего дебюта Дмитрий Вересов написал множество произведений, среди которых трилогия «Семейный альбом», роман о Ф. М. Достоевском «Третья тетрадь», мистические романы «Ленинградская сага» и «Возвращение в Москву». С 2011 года ведет творческую мастерскую в рамках курсов «Литератор», созданных Союзом писателей Санкт-Петербурга, Центром современной литературы и книги и Государственным институтом повышения квалификации. [лермонтовка]  ","2017-04-27 17:30:00","Библиотека Некрасова","2-я Советская ул., д. 27/2",59.93021900,30.37224600
68,"Выступление поэта и прозаика Саши Гальпера из Нью-Йорка, который почитает свои тексты и представит новый номер нью-йоркского альманаха «Новая кожа». [вена]  ","2017-04-27 18:00:00","Старая Вена","Гороховая ул., д. 8",59.93566000,30.31170000
69,"Презентация книги профессора Георгия Матвеевича Дерлугьяна «Армения на выходе из постсоветской реставрации: анализ возможностей». «За четверть века после распада СССР изменилось все — или не изменилось ничего?» — таким вопросом Дерлугьян начинает свою новую книгу, посвященную недавней истории Армении и перспективам ее развития в сегодняшнем мире. Автор заявляет, что, несмотря на изменения политических структур «нашего района мира», и «в них наблюдается значительная историческая преемственность с выраженными национальными особенностями», добавляя, что мы находимся в «фазе временных стабилизаций», но ближе к их исчерпанию. «Вероятно, что-то еще будет», - говорит автор в своем предисловии к книге. Главную опасность Георгий Дерлугьян видит в «общественном пессимизме, доходящем до депрессии», подчеркивая, что «отсутствие в общественном сознании сколь-нибудь реальной надежды оборачивается вспышками популистского озлобления и острого желания наказать кого-нибудь «антинародного»: элиты, чужаков, иностранных махинаторов». Размышляя о перспективах и потенциальных возможностях бывших советских республик, российско-американский социолог армянского происхождения находит немало оснований для оптимизма, «сопоставляя пример Армении, с хорошо изученными траекториями модернизации на Западе и в Восточной Азии, считая, что ситуация позволяет оказывать стратегическое влияние на формирование режима ускоренного экономического роста в отдельно взятых странах». [все свободны]  ","2017-04-27 18:00:00","Все свободны","Мойка, д. 28",59.93880200,30.31997300
70,"В Порядке слов в цикле Словарный запас Кевин М. Ф. Платт (Университет Пенсильвании) прочтет лекцию «Целое и фрагменты» русской культуры в «Ближнем Зарубежье» Прибалтики. Когда Советский Союз распался, русские и русскоязычные жители Прибалтики покинули, как им казалось, территорию России, и, буквально, эмигрировали, «не выходя из собственного дома». Владимир Путин неоднократно высказывался об этом в духе: «Миллионы россиян заснули в одной стране и проснулись в другой, как национальные меньшинства». Проблема лингвистической и политической интеграции этих групп населения в балтийских обществах была на повестке на протяжении двух десятилетий, но в последнее время более насущным оказывается вопрос лояльности этих групп по отношению к политике Кремля. Тем не менее следует признать, что русские и русскоязычные жители этих территорий, и особенно ее космополитичных центров, давно отличают себя «русских из России», считая себя более «культурными» и «европейскими русскими». Вдобавок к этой сложной матрице различий, в которой культура и «культурность» играют особенно важную роль, новая волна россиян начала переселяться в Прибалтику, оставляя дома в Российской Федерации, они привносят с собой оппозиционные настроения и альтернативные политические и медиа-платформы. Например, в Риге сейчас находится ведущая альтернативная новостная платформа, «Медуза», в Латвию также переехал редактор ведущего авангардного русского поэтического журнала «Воздух». Противоречивый термин «Ближнее зарубежье», наиболее часто употребимый в российском геополитическом дискурсе, транслирует основной парадокс этой ситуации, различные измерения «близости» к России, проблематику культурной и политической сопричастности российскому культурному и политическому контексту и др. Лекция основана на результатах этнографической полевой работы, материалами для которой стали самоописания, литература и средствах массовой информации русскоязычного населения стран Балтии. [пс]  ","2017-04-27 18:30:00","Порядок слов","Фонтанка, д. 15",59.93619200,30.34304200
71,"В Порядке слов на Новой сцене Александинского театра (в Медиа-центре) состоится презентация книги Галины Лолы «Дизайн-код: методология семиотического дискурсивного моделирования» (СПб, 2016). В монографии изложена авторская методология создания креативного продукта (графика, объект, событие, среда и т.д.) Методология семиотического дискурсивного моделирования представлена как инструмент управления вдохновением. Графика книги создает трехуровневую смысловую архитектуру: раскрывает содержание, увеличивает репертуар интерпретаций и сама порождает новые смысловые реальности. Нелинейная организация контента позволяет читать книгу разнообразно: последовательно, пунктиром, по «точкам сборки». Книга сама по себе является тренажером креативного симультанного мышления. На презентации будет показан анимационный фильм Ардак Мукановой «Путь СДМ» и представлены графические дизайн-продукты, разработанные по методологии семиотического дискурсивного моделирования. Предполагается, что презентация пройдет как коммуникативный эксперимент. [пс]  ","2017-04-28 15:30:00","Новая сцена Александринского театра","Фонтанка, д. 49А",59.93041200,30.33757100
72,"Читки Новой драмы в «Порядке слов». День первый. 22 сентября актеры, режиссеры, драматурги прочтут две пьесы: Наталья Ворожбит «Сон в салате оливье или Раба хвоста» Иван Вырыпаев «Танец Дели». Читка – распространненый в современном театре способ представления драматургического текста. Основная задача читки представить текст как самостоятельную литературную единицу, где на первый план выходит авторское высказываение, а не сценическая интерпретация. Современная драматургия – это пьесы, созданные сегодня, здесь и сейчас. Читка пьес приурочена к акции по сбору средств для драматурга Вадима Леванова, одного из создателей движения «Новая драма», лауреата многих премий в области современного театра, отца-основателя тольяттинской школы драматурги, которому требуется срочная помощь для борьбы с болезнью (онкология). В нашем магазине вы можете оставить помощь для Вадима Леванова. [Порядок]","2011-09-22 18:30:00","Порядок слов","Фонтанка, д. 15",59.93619200,30.34304200
73,"Встреча с сооснователем легендарного издательства «Ардис», славистом, переводчиком, писателем Эллендеей Проффер Тисли, которая представит книгу Карла Проффера «Без купюр» (Corpus, 2017). Визит г-жи Проффер в Россию и презентация книги в Петербурге состоятся при поддержке Интеллектуального клуба «418». В 1969 году супруги Проффер отправились в Москву, познакомились и подружились с вдовой Мандельштама Надеждой Яковлевной, введшей их в московские литературные круги. По рекомендации Надежды Мандельштам Карл и Эллендея отправились в Ленинград, где жил тогда молодой поэт Иосиф Бродский. Благодаря этим двум важным знакомствам Профферы попали в узкий круг представителей советской неподцензурной литературы. Эллендея и Карл возвратились в США не с пустыми руками: привезенные из СССР рукописи и книги было задумано опубликовать. «Ардис» был основан в 1971 году. Благодаря работе издательства свет увидели книги, которые невозможно было напечатать в СССР. Среди них произведения Набокова, Булгакова, Мандельштама и Бродского. [пс]  ","2017-04-28 18:00:00","Новая сцена Александринского театра","Фонтанка, д. 49А",59.93041200,30.33757100
74,"Концерт Евгения Бабушкина в ""Порядке слов"". Евгений Бабушкин представит свою первую книгу, «Библию бедных». И впервые за пять лет споет несколько хороших старых песен и несколько отличных новых. [пс]  ","2017-04-28 18:30:00","Порядок слов","Фонтанка, д. 15",59.93619200,30.34304200
75,"Презентация книги Анатолия Заславского «Про живопись» (Коста, 2017). «В этой книге собраны размышления художника о живописи, прогулки по Эрмитажу и истории искусства вообще, беседы с коллегами, воспоминания: «В эту книгу вошли отдельные заметки, эссе, статьи, диалоги, накопившиеся за долгий период времени. Ее можно было бы назвать случайной и бессистемной, если б сквозь все сказанное не проходила одна тема — тема живописи. Для меня это попытка бескомпромиссно и как- о даже настырно внедрить в сознание современного человека ценности достаточно древней традиции. Дело в том, что я убежден: ткань живописного языка — живая и совершенно созвучна природе самой жизни, как физической, так и психической. В сущности, в этой книге рассказывается о том, как по-разному в разные исторические эпохи, у разных художников, в разных картинах проявляется вот это самое живое живописное содержание». «В Петербурге имя Анатолия Заславского, пожалуй, как никакое другое связано с понятием о живописи. И дело даже не в том, что он, несомненно, один из наиболее интересных и ярких живописцев Петербурга, но никто другой так не настойчив, изящен и мудр в защите и пропаганде искусства живописи в наше время и в нашем месте. Заславский не произносит пылких речей, не пишет манифестов. Но из-под его пера вышла серия очерков, посвященных живописи. Эти очерки в виде комментариев к собственным картинам художника — поэтические эссе, не столько поясняющие строй картин, сколько вводящие в суть и смысл отношений художника с миров. Такие эссе, подобные стихам в прозе — с поэзией их, безусловно, роднит великолепное чувство языка — способны существовать как самостоятельное произведение и работать в самых разных контекстах...» (Александр Григорьев) [пс]  ","2017-04-29 17:30:00","Порядок слов","Фонтанка, д. 15",59.93619200,30.34304200
76,"Презентация Вольности: Рома Гонза, Ирина Волынская, Антон Володин, Егор Енотов, Андрей Некрасов. Позволь себе вольность назваться поэтом и забудь о тепличном покое. Красота требует слов и отважных поступков. 29 апреля в Fish Fabrique Nouvelle в завершении первой части российского тура поэты АНДРЕЙ НЕКРАСОВ, АНТОН ВОЛОДИН, ИРИНА ВОЛЫНСКАЯ, ЕГОР ЕНОТОВ и РОМА ГОНЗА презентуют ВОЛЬНОСТЬ и отмечают это событие большим совместным концертом. Вас ждут 5 полноценных выступлений в декорациях художника и дизайнера музея современного искусства Эрарта Даниила Вяткина, игра на поэтическом контрасте, байки из литературной жизни и реальные истории путешествий по хребтам безумия страшно красивой страны. [ффн]  ","2017-04-29 19:00:00","Fish fabrique nouvelle","Лиговский пр., д. 53",59.92913600,30.35933800
77,"Встреча, посвященная творчеству немецкого драматурга, театрального режиссёра, поэта, эссеиста, крупнейшей фигуре немецкого театра Хайнеру Мюллеру. Встречу, приуроченную к выходу книги Хайнера Мюллера «Цемент» (libra, 2017) проведет Александр Филиппов-Чехов. Александр Филиппов-Чехов — hодился в Москве, в 2008 г. окончил филологический факультет МГУ, стажировался в Университете им. Гумбольдтов в Берлине, с 2005 по 2013 гг. сотрудник Научно-библиографического отдела ВГБИЛ им. М. И. Рудомино, c 2015 г. главный редактор издательства libra. Среди переведенных авторов Вальтер Беньямин, Генрих Бёлль, Адельхайд Дюванель, Райнер Вернер Фассбиндер, Иеремия Готтхельф, Герхарт Гауптман, Вольфрам Хёлль, Эльфрида Елинек, Франц Кафка, Зигфрид Кракауэр, Мариус фон Майенбург, Георг Зиммель, Роберт Вальзер, Стефан Цвейг. [пс]  ","2017-04-29 19:30:00","Порядок слов","Фонтанка, д. 15",59.93619200,30.34304200
78,"День еврейской книги. Ярмарка книг издательства «Книжники» с 20% скидкой. Гость Дня – Борух Горин, главный редактор издательства «Книжники». Лекционная программа: 12:30 Д-р Валерий Дымшиц. Еврейская книга и октябрьская революция. 13:40 Р. Цви Пинский. Как устроен Свиток Торы (с демонстрацией Свитка) Р. Залман Макаров покажет, как сойфер пишет Свиток 14:50 Борух Горин. Еврейская литература на русском языке. Что стоит и что не стоит читать 16:00 Борух Горин. Еврейские книги, изменившие мир 17:10 Председатель еврейской общины СПб М. Д. Грубарг. Еврейская тема в новейшей русскоязычной литературе. Феномен Рубиной и Улицкой. Вход на ярмарку свободный. Посещение лекций: Одна лекция: при оплате через сайт (до 28 апреля 17:00) 100 р., при оплате на входе 200 р. Две и более лекций: при оплате через сайт 200 р. (до 28 апреля 17:00), при оплате на входе 300 р. Оплата тут https://goo.gl/QyKVJt Приглашаем всех, вне зависимости от национальности и вероисповедания [р]  ","2017-04-30 11:00:00","Большая хоральная синагога","Лермонтовский пр., д. 2",59.92472700,30.29174800
79,"Игорь Шулинский о прекрасных девяностых. Лекторий Рубинштейна. «Сколько тебе надо дать денег, чтобы эта книга никогда не вышла?» Человек-девяностые, бывший главный редактор журналов «Птюч» и «Time Out», написал книгу о девяностых и расскажет о ней в Кафе ""Рубинштейн"". Игорь Шулинский будет читать стихи и отрывки из своего романа. «Странно пахнет душа» — не мемуары и не автобиография. Диджеи, музыканты, художники, поп­звезды, олигархи, — все они герои 90­х, но не герои романа, скорее второстепенные персонажи. Для автора важно их присутствие, также, как названия улиц, ресторанов, клубов, чтобы показать историческую правду времени. Так в романе, как в мастерском пазле, складывается объемная картина 90­х. Начало в 19 00, пожалуйста, обязательно бронируйте 8 (960) 259-83-93. [р]  ","2017-04-30 18:00:00","Рубинштейн","Рубинштейна, д. 20",59.93003800,30.34497400
80,"Презентация книги «М. Кузмин: разыскания и комментарии» (СПб., 2016). Ведущий вечера - автор книги, известный петербургский литературовед П. В. Дмитриев. Ожидается и чтение стихов, и рассказ об этом уникальном в своем роде издании; вероятно, будут звучать и песни Михаила Кузмина. [вена]  ","2017-05-04 18:00:00","Старая Вена","Гороховая ул., д. 8",59.93566000,30.31170000
81,"Алина Матвеевна Мальцева приглашает всех почитателей лирической поэзии на встречу. [лавка]","2011-09-23 13:00:00","Книжная лавка писателя","Невский пр., д. 66",59.93375800,30.34200900
82,"Концерт Елены Сабининой (Сабиниты), автора-исполнителя, режиссера и художника из Нарвы. Елена Сабинина родилась в 1963 году в Нарве (Эстония). В 1989-м окончила Санкт-Петербургский государственный университет культуры и искусств. Сочиняет и исполняет песни, записала пять сольных альбомов. Является организатором фестивалей авторской песни «Нарвский причал». Занимается живописью, графикой, фотографией, изготовлением театральных кукол. [вена]  ","2017-05-11 18:00:00","Старая Вена","Гороховая ул., д. 8",59.93566000,30.31170000
83,"Сергей Полотовский. Найдено в переводе. Перевод - даже не сад расходящихся тропок, а джунгли, в которых задача переводчика так сплести лианы, чтобы они привели в нужное место. Причем мест этих может быть несколько. А может того самого и не быть. Сергею Полотовскому, переводчику с четвертьвековым стажем, есть что сказать по профилю. Когда стол - не table? Что крикнул Ворон? И почему Берберри это Макинтош? Начало в 19 00. Пожалуйста, обязательно бронируйте. [р]  ","2017-04-19 18:00:00","Рубинштейн","Рубинштейна, д. 20",59.93003800,30.34497400
84,"Презентация книги ""Дни убывающего света"" Ойгена Руге. немецкий писатель Ойген Руге прочтёт отрывки из своего романа «Дни убывающего света» о вере в коммунизм и разочаровании в нём, об истории ГДР и трагической судьбе четырех поколений одной немецкой семьи. В начале апреля 2017 г. вышло русское издание романа «Дни убывающего света», ставшего в Германии бестселлером и уже переведенного на 21 язык. К этому событию приурочена встреча с автором, который представит книгу, названную критиками «Будденброки эпохи ГДР» (газета «Ди Цайт»). Встречу и дискуссию с автором в арт-клубе «Книги и кофе» ведёт Олег Никифоров, главный редактор издательства «Логос». Вход бесплатный. Необходима электронная регистрация https://goetheinstitut.timepad.ru/event/472310/. [кик]  ","2017-04-19 18:00:00","Книги и кофе","Гагаринская ул., д. 20",59.94467000,30.34321300
85,"Музей В.В. Набокова Филологического факультета СПбГУ приглашает на вечер ""ВЧЕРА СЕГОДНЯ ЗАВТРА: 1942 – 1977 – 2012"", посвященный выходу очередного выпуска журнала ""Новый журнал"". Вечер проходит при поддержке Санкт-Петербургского союза учёных и редакции журнала «Новый Журнал» [“New Review”] (Нью-Йорк, США). В программе вечера стихи, проза и мемуары: И. Бунин, В. Набоков, М. Алданов, А. Ремизов, Н. Берберова, А. Ремизов, Н. Берберова, Г. Адамович, Г. Иванов, И. Одоевцева, Б. Пастернак, Н. Коржавин, И. Бродский. Вечер ведёт библиограф Евгений Белодубровский, представитель редакции «Нового Журнала» в Петербурге. [музей]","2011-09-23 17:00:00","Музей Набокова","Большая Морская ул., д. 47",59.93188700,30.30492700
86,"Юбилейный вечер Б. В. Аверина. В программе: поздравления и выступления от ГМЗ ""Петергоф"" и одноклассников - выпускников Петергофской гимназии, от российского Союза и Союза писателей СПб - Павла Алексеева и Ильи Бояшова, режиссера, художника и писателя Виктора Тихомирова ... Презентация выставки ""Писатели - художники"", в которой примут участие 17 петербургских авторов. Музыкальные поздравления от Школы цыганского танца ""Урден"" и засл. деятеля культуры России - Сергея Осколкова. [соб. инф.]  ","2017-04-21 17:00:00","Библиотека Петергофа","Петергоф, Эрлеровский б-р, д. 18",59.87271500,29.90862600
87,"Лестева Татьяна приглашает на презентацию журналов «Аврора» и «На русских просторах», а также новой книги Геннадия Мурикова «Оккультная заря России». [лавка]","2011-09-23 17:00:00","Книжная лавка писателя","Невский пр., д. 66",59.93375800,30.34200900
88,"«Короткие экстатические опыты». Авторское чтение рассказов. Молодой петербургский писатель Степан Гаврилов в своих рассказах собирает яркие и нескучные коллажи из судеб и жизней неприкаянных людей первого поколения новой России. «Короткие экстатические опыты» для Гаврилова — это сам процесс рассказывания истории. Это попытка самоидентификации в культуре, в обществе, во времени, в языке. На публике рассказы будут прочитаны впервые. Гитарно-шумовое оформление создаст маэстро Юрген Николаев (КИТ СЭЛИНДЖЕР, ex-СМАЛЬТА). Вход бесплатный. [соб. инф.]  ","2017-04-22 17:00:00","lampa studio","Лиговский пр., д. 53",59.92913600,30.35933800
89,"Традиционно в конце апреля Белла Гусарова читает стихи, старые и новые в магазине книг ""Фаренгейт 451"". Кто не был в ""Борее"" на презентации книги ""Верните ветер"" в декабре, смогут приобрести её на этом субботнем вечере [ф451]  ","2017-04-22 18:00:00","Фаренгейт 451","Маяковского ул., д. 25",59.94004600,30.35568100
90,"Лито ""Пиитер"" в ""Книгах и Кофе"" представляет участников и друзей. Поэтический вечер Николая Сулимы (Минск) и Кирилла Спирина (Санкт-Петербург).","2006-12-23 19:00:00","Книги и кофе","наб. адмирала Макарова, д. 10",59.94547200,30.29376100
91,"!!! ЗАМЕНА ПРОГРАММЫ: ВМЕСТО ПрезентациИ первого комментированного издания С.Довлатова «Собрание в сборниках».СОСТОИТСЯ «Келломяки: адреса и судьбы» Презентация путеводителя по дореволюционному прошлому Келломяки/Комарово. (СПб., изд-во «Карелико», 2011 г.) Вечер ведут авторы книги: краевед Евгений Балашов и публицист Елена Травина [музей]","2011-09-23 17:00:00","Музей Ахматовой","Литейный пр., д. 53",59.93633200,30.34770400
92,"Встреча с авторами антологии «Поэтический Мир Петербурга». Евгений Жуков и «Фонд поддержки современной поэзии» приглашают Вас на мероприятие, которое проходит в рамках компании по подготовке к изданию колоссальной по своему объему и охвату антологии современной поэзии «Поэтический Мир Петербурга» В антологии планируется публикация стихов более двухсот поэтов, которые живут и творят в нашем городе. В рамках мероприятия Вам предоставится возможность познакомиться с десятком авторов, чьи стихи публикуются в двухтомнике. Задать вопросы составителям и редакторам антологии. Предложить свое участие в проекте. Ждем Вас с друзьями и близкими. [буквоед]","2011-09-23 18:00:00","Буквоед","Лиговский пр., д. 10",59.93268500,30.36262500
93,"Елена Луканкина (Тамбов). Творческая встреча. Елена Львовна Луканкина (Морозова) – тамбовский поэт, прозаик, драматург, журналист. Состоит в двух творческих союзах – писателей и журналистов России. Обладатель Всероссийской премии имени Владимира Маяковского, областной – имени Евгения Баратынского. Четырнадцать лет работает в тамбовской прессе. «Дерево в огне» – шестая книга Елены Луканкиной. В неё вошли стихотворения 2014-2016 годов, а также притча «Дерево на утёсе». Это сборник философской, гражданской, городской, пейзажной, духовной и любовной лирики. «Дерево в огне» – книга о красоте, любви и доме, о вечном и мгновенном, о жизнях, которые проживаем и которые предстоят… [лавка]  ","2017-05-07 11:00:00","Книжная лавка писателя","Невский пр., д. 66",59.93375800,30.34200900
94,"Маяковские чтения. поэты читают свои стихи. [мчения]","2017-05-07 17:00:00","street","Угол Маяковского и Некрасова",59.93883300,30.35524100
95,"Встреча с Дарьей Донцовой. Презентация нового романа «Развесистая клюква Голливуда». Даша Васильева, Евлампия Романова, Виола Тараканова, Татьяна Сергеева и джентльмен сыска Иван Подушкин — за приключениями полюбившихся героев вот уже 10 лет с удовольствием следит вся страна. Персонажи иронических детективов самого любимого автора России, королевы жанра Дарьи Донцовой давно перешагнули книжные страницы и стали для миллионов читателей родными и близкими друзьями. Сегодня армию поклонников Дарьи Донцовой ждут совершенно новые герои, новый сериал в красочном оформлении и новые приключения, которые не оставят равнодушными читателей как юного, так и старшего поколения. Итак, встречайте! На борьбу с преступностью выходит сногсшибательная парочка — Степашка и Белка! Только не подумайте, что любимый автор страны переключился на описание сцен из жизни животных. Не переживайте — Донцова по-прежнему верна жанру, основоположницей которого она стала. Степашка и Белка — это внучка и бабушка. Очень разные, но удивительно похожие. Очаровательные героини обладают сомнительным талантом влипать во всякого рода неприятности. Давайте познакомимся с ними поближе. [буквоед]","2011-09-23 18:00:00","Буквоед","Невский пр., д. 46",59.93477700,30.33356500
96,"ИГРЫ КОНШАКОВА. Поэты будут соревноваться, читая не только собственные стихи, но и стихи поэтов Серебряного века. На этот раз поэты объединяются в четыре лиги, а именно: 1. Ахматовой. 2. Кручёных. 3. Мандельштама. 4. Северянина. Кто из поэтов Серебряного века сильнее вдохновляет наших современников? Могут ли нынешние авторы сравниться с мэтрами? Кто сегодня самый талантливый и неподражаемый? Всё это можно узнать в среду 10 мая. [игры]  ","2017-05-10 18:00:00","Police station","Невский пр., д. 90-92Б",59.93236000,30.35306700
97,"Вечер поэзии Татьяны Вольтской и Вадима Жука «Угол Невского и Крещатика – 2017». ""Поэтом можешь ты не быть, но гражданином быть обязан"". Никто никому ничем не обязан. Особенно поэт. Маме с папой он обязан и ангелу-трубочисту, который прилетает прочищать в его голове отверстие, связывающее его с небесами. Вот и все его обязательства. Неправда. Не на ровном месте родилось в нашей стране, в немыслимом охвате русского поэтического прошлого и настоящего понятие ""гражданская поэзия"". Витание и катание в облаках – мило дело. Пока они не загораживают солнце, не проливаются кислотными дождями, не становятся недоступными взору из-за бездарных строений. Поэты Татьяна Вольтская и Вадим Жук – граждане. Татьяна - известный журналист, не проходящий в этом направлении своей деятельности мимо ни одной общественной проблемы. Сатирическое гражданское творчество Вадима, выраженное в его театральных работах, известно с давних советских времён. Поэты выпустили совместную книгу ""Угол Невского и Крещатика"", в которой собран ряд стихов о самом больном вопросе последнего времени. У них много различных стихов – размышлений о том, что сегодня происходит с нами и нашей страной. Конечно, они будут читать не только гражданскую лирику. [интерьерный]  ","2017-05-11 18:00:00","Интерьерный театр","Невский пр., д. 104",59.93188200,30.35658900
98,"Петербургский писатель Александр Ласкин представит свою книгу «Петербургские тени». Петербургский писатель и ученый Александр Ласкин предлагает свой взгляд на Петербург-Ленинград двадцатого столетия — история (в том числе, и история культуры) прошлого века открывается ему через судьбу, казалась бы рядовой петербурженки Зои Борисовны Томашевской (1922–2010). Ее биография буквально переполнена удивительными событиями. Это была необычайно насыщенная жизнь — впрочем, какой еще может быть жизнь рядом с Ахматовой, Зощенко и Бродским? Автор стал первым биографом Зои Томашевской, хранившей в своей памяти имена и судьбы многих выдающихся людей нашего отечества, тщательно и бережно зафиксировал и донес нам уникальные сведения, полученные из первых уст. [буквоед]  ","2017-05-11 18:00:00","Буквоед","Лиговский пр., д. 10",59.93268500,30.36262500
99,"УМКА. Майское электричество. Большой весенний электрический концерт. Правильный рок на понятном языке. Жесткий ритм-энд-блюз, психоделия, живой дух Вудстока, сохраненный до наших дней. Десятки альбомов, сотни песен, тысячи километров гастролей от Нью-Йорка до Марса.Купить билеты по 300р. можно: - ежедневно в кассе клуба с 15:00 до 23:00 - онлайн на сайте клуба: http://zoccoloclub.ru/cevent/umka/ - онлайн через приложение: https://vk.com/app4076993 - онлайн на сайте Радарио: https://radario.ru/events/119371 [умка]  ","2017-05-11 19:00:00","Цоколь","3-я Советская ул., д. 2/3",59.93399200,30.36541000
100,"Творческий вечер переводчика Георгия Ефремова. [музей]","2017-05-12 17:30:00","Музей Ахматовой","Литейный пр., д. 53",59.93633200,30.34770400
